"date","TagID","percentage","home_adj","phase","mean_r","mean_t","mean_w","sum_p"
2024-06-25,"Tag_3",0.5,1169.67546015445,"no",185.080952380952,16.26,1.69438095238095,0
2024-06-25,"Tag_3",0.95,6154.28957827545,"no",185.080952380952,16.26,1.69438095238095,0
2024-06-26,"Tag_3",0.5,1076.05610977914,"no",590.738095238095,22.1071428571429,1.88861904761905,0
2024-06-26,"Tag_3",0.95,5981.77997321872,"no",590.738095238095,22.1071428571429,1.88861904761905,0
2024-06-27,"Tag_3",0.5,732.900020298963,"no",506.604761904762,16.9438095238095,5.45766666666667,0
2024-06-27,"Tag_3",0.95,4229.86174676909,"no",506.604761904762,16.9438095238095,5.45766666666667,0
2024-06-28,"Tag_3",0.5,1349.44834254422,"no",287.435238095238,14.9890476190476,3.75638095238095,0
2024-06-28,"Tag_3",0.95,6493.22066742198,"no",287.435238095238,14.9890476190476,3.75638095238095,0
2024-06-29,"Tag_3",0.5,980.99750313821,"no",318.638095238095,16.1804761904762,2.41771428571429,1.035
2024-06-29,"Tag_3",0.95,5471.84442140385,"no",318.638095238095,16.1804761904762,2.41771428571429,1.035
2024-06-30,"Tag_3",0.5,717.436851952977,"no",221.761428571429,13.9838095238095,1.73919047619048,0
2024-06-30,"Tag_3",0.95,3613.92182798979,"no",221.761428571429,13.9838095238095,1.73919047619048,0
2024-07-01,"Tag_3",0.5,1117.51990412954,"yes",197.702857142857,13.7909523809524,3.12380952380952,2.07
2024-07-01,"Tag_3",0.95,7146.45465807031,"yes",197.702857142857,13.7909523809524,3.12380952380952,2.07
2024-07-02,"Tag_3",0.5,1241.32961743905,"yes",283.780952380952,14.8861904761905,1.97833333333333,0
2024-07-02,"Tag_3",0.95,6066.33883704777,"yes",283.780952380952,14.8861904761905,1.97833333333333,0
2024-07-03,"Tag_3",0.5,1115.89428077922,"yes",392.104761904762,16.1552380952381,3.90352380952381,0
2024-07-03,"Tag_3",0.95,7752.44775739862,"yes",392.104761904762,16.1552380952381,3.90352380952381,0
2024-07-04,"Tag_3",0.5,1272.2562328938,"yes",408.061904761905,14.8895238095238,5.30028571428571,0
2024-07-04,"Tag_3",0.95,7482.7342799881,"yes",408.061904761905,14.8895238095238,5.30028571428571,0
2024-07-05,"Tag_3",0.5,1194.33883520363,"yes",474.633333333333,15.5338095238095,2.66485714285714,0
2024-07-05,"Tag_3",0.95,6941.77974510425,"yes",474.633333333333,15.5338095238095,2.66485714285714,0
2024-07-06,"Tag_3",0.5,796.065423113998,"yes",376.661428571429,13.3428571428571,2.57857142857143,10.35
2024-07-06,"Tag_3",0.95,4092.69732714709,"yes",376.661428571429,13.3428571428571,2.57857142857143,10.35
2024-07-07,"Tag_3",0.5,568.335855497047,"yes",396.461904761905,13.8652380952381,2.10438095238095,1.863
2024-07-07,"Tag_3",0.95,4929.73666361654,"yes",396.461904761905,13.8652380952381,2.10438095238095,1.863
2024-07-08,"Tag_3",0.5,892.974418164585,"yes",520.228571428571,16.1057142857143,2.19614285714286,0
2024-07-08,"Tag_3",0.95,5128.27122440064,"yes",520.228571428571,16.1057142857143,2.19614285714286,0
2024-07-09,"Tag_3",0.5,1347.29822173731,"yes",213.851904761905,17.2138095238095,1.68552380952381,0.414
2024-07-09,"Tag_3",0.95,7351.90724620281,"yes",213.851904761905,17.2138095238095,1.68552380952381,0.414
2024-07-10,"Tag_3",0.5,975.095146287261,"yes",314.614285714286,15.1542857142857,3.72557142857143,2.277
2024-07-10,"Tag_3",0.95,4823.3106294592,"yes",314.614285714286,15.1542857142857,3.72557142857143,2.277
2024-07-11,"Tag_3",0.5,1639.70313461974,"yes",149.898571428571,14.6585714285714,2.1012380952381,1.242
2024-07-11,"Tag_3",0.95,7194.05033200974,"yes",149.898571428571,14.6585714285714,2.1012380952381,1.242
2024-07-12,"Tag_3",0.5,871.799802577484,"yes",312.609523809524,15.3314285714286,1.37838095238095,0.207
2024-07-12,"Tag_3",0.95,5203.03487023664,"yes",312.609523809524,15.3314285714286,1.37838095238095,0.207
2024-07-13,"Tag_3",0.5,1493.39879358641,"yes",303.095238095238,15.6433333333333,1.7477619047619,0
2024-07-13,"Tag_3",0.95,7497.24264164646,"yes",303.095238095238,15.6433333333333,1.7477619047619,0
2024-07-14,"Tag_3",0.5,1507.54942021071,"yes",327.161904761905,16.6880952380952,1.5487619047619,0
2024-07-14,"Tag_3",0.95,7028.37239047678,"yes",327.161904761905,16.6880952380952,1.5487619047619,0
2024-07-15,"Tag_3",0.5,1306.86203963565,"yes",282.169047619048,18.6895238095238,1.16766666666667,1.242
2024-07-15,"Tag_3",0.95,6921.38697114832,"yes",282.169047619048,18.6895238095238,1.16766666666667,1.242
2024-07-16,"Tag_3",0.5,908.411767585782,"no",144.512380952381,15.9804761904762,1.36790476190476,0
2024-07-16,"Tag_3",0.95,5372.63757782711,"no",144.512380952381,15.9804761904762,1.36790476190476,0
2024-07-17,"Tag_3",0.5,1020.72446434325,"yes",550.142857142857,20.4966666666667,2.87880952380952,0
2024-07-17,"Tag_3",0.95,6127.72339090864,"yes",550.142857142857,20.4966666666667,2.87880952380952,0
2024-07-18,"Tag_3",0.5,1125.93285856604,"no",444.166666666667,19.947619047619,2.43719047619048,0.414
2024-07-18,"Tag_3",0.95,6100.52787363101,"no",444.166666666667,19.947619047619,2.43719047619048,0.414
2024-07-19,"Tag_3",0.5,904.267223413803,"yes",576.204761904762,22.3947619047619,2.87790476190476,0
2024-07-19,"Tag_3",0.95,5543.58057283436,"yes",576.204761904762,22.3947619047619,2.87790476190476,0
2024-07-20,"Tag_3",0.5,727.55792196074,"no",168.888571428571,17.7128571428571,1.26328571428571,6.831
2024-07-20,"Tag_3",0.95,5379.55357278779,"no",168.888571428571,17.7128571428571,1.26328571428571,6.831
2024-07-21,"Tag_3",0.5,873.167617772384,"no",432.633333333333,16.7695238095238,3.07495238095238,0
2024-07-21,"Tag_3",0.95,4816.77737826805,"no",432.633333333333,16.7695238095238,3.07495238095238,0
2024-06-25,"Tag_10",0.5,472.755940780143,"no",185.080952380952,16.26,1.69438095238095,0
2024-06-25,"Tag_10",0.95,2845.17462261572,"no",185.080952380952,16.26,1.69438095238095,0
2024-06-26,"Tag_10",0.5,278.125168865505,"no",590.738095238095,22.1071428571429,1.88861904761905,0
2024-06-26,"Tag_10",0.95,1759.91748949611,"no",590.738095238095,22.1071428571429,1.88861904761905,0
2024-06-27,"Tag_10",0.5,343.643242875665,"no",506.604761904762,16.9438095238095,5.45766666666667,0
2024-06-27,"Tag_10",0.95,1811.6187916434,"no",506.604761904762,16.9438095238095,5.45766666666667,0
2024-06-28,"Tag_10",0.5,578.28108138223,"no",287.435238095238,14.9890476190476,3.75638095238095,0
2024-06-28,"Tag_10",0.95,4332.04833106248,"no",287.435238095238,14.9890476190476,3.75638095238095,0
2024-06-29,"Tag_10",0.5,373.02321193949,"no",318.638095238095,16.1804761904762,2.41771428571429,1.035
2024-06-29,"Tag_10",0.95,1652.23856401908,"no",318.638095238095,16.1804761904762,2.41771428571429,1.035
2024-06-30,"Tag_10",0.5,275.650923482752,"no",221.761428571429,13.9838095238095,1.73919047619048,0
2024-06-30,"Tag_10",0.95,1285.19910467366,"no",221.761428571429,13.9838095238095,1.73919047619048,0
2024-06-25,"Tag_11",0.5,1541.59691500706,"no",185.080952380952,16.26,1.69438095238095,0
2024-06-25,"Tag_11",0.95,6262.01537583536,"no",185.080952380952,16.26,1.69438095238095,0
2024-06-26,"Tag_11",0.5,976.340042915283,"no",590.738095238095,22.1071428571429,1.88861904761905,0
2024-06-26,"Tag_11",0.95,5493.53890675149,"no",590.738095238095,22.1071428571429,1.88861904761905,0
2024-06-27,"Tag_11",0.5,879.408239912062,"no",506.604761904762,16.9438095238095,5.45766666666667,0
2024-06-27,"Tag_11",0.95,5201.46506954838,"no",506.604761904762,16.9438095238095,5.45766666666667,0
2024-06-28,"Tag_11",0.5,1367.10550629852,"no",287.435238095238,14.9890476190476,3.75638095238095,0
2024-06-28,"Tag_11",0.95,7225.95059467101,"no",287.435238095238,14.9890476190476,3.75638095238095,0
2024-06-29,"Tag_11",0.5,1330.12729294775,"no",318.638095238095,16.1804761904762,2.41771428571429,1.035
2024-06-29,"Tag_11",0.95,7245.35508851039,"no",318.638095238095,16.1804761904762,2.41771428571429,1.035
2024-06-30,"Tag_11",0.5,738.247609182928,"no",221.761428571429,13.9838095238095,1.73919047619048,0
2024-06-30,"Tag_11",0.95,4626.17830587524,"no",221.761428571429,13.9838095238095,1.73919047619048,0
2024-07-01,"Tag_11",0.5,1162.03773946379,"yes",197.702857142857,13.7909523809524,3.12380952380952,2.07
2024-07-01,"Tag_11",0.95,5405.73558456405,"yes",197.702857142857,13.7909523809524,3.12380952380952,2.07
2024-07-02,"Tag_11",0.5,1738.03520760623,"yes",283.780952380952,14.8861904761905,1.97833333333333,0
2024-07-02,"Tag_11",0.95,7420.43529357021,"yes",283.780952380952,14.8861904761905,1.97833333333333,0
2024-07-03,"Tag_11",0.5,1226.32850182757,"yes",392.104761904762,16.1552380952381,3.90352380952381,0
2024-07-03,"Tag_11",0.95,6650.00534852424,"yes",392.104761904762,16.1552380952381,3.90352380952381,0
2024-07-04,"Tag_11",0.5,1094.31867468884,"yes",408.061904761905,14.8895238095238,5.30028571428571,0
2024-07-04,"Tag_11",0.95,7123.61954317245,"yes",408.061904761905,14.8895238095238,5.30028571428571,0
2024-07-05,"Tag_11",0.5,1671.49296318936,"yes",474.633333333333,15.5338095238095,2.66485714285714,0
2024-07-05,"Tag_11",0.95,8676.9742010863,"yes",474.633333333333,15.5338095238095,2.66485714285714,0
2024-07-06,"Tag_11",0.5,1032.90796985801,"yes",376.661428571429,13.3428571428571,2.57857142857143,10.35
2024-07-06,"Tag_11",0.95,6077.98916781964,"yes",376.661428571429,13.3428571428571,2.57857142857143,10.35
2024-07-07,"Tag_11",0.5,600.463298860014,"yes",396.461904761905,13.8652380952381,2.10438095238095,1.863
2024-07-07,"Tag_11",0.95,3633.99541707069,"yes",396.461904761905,13.8652380952381,2.10438095238095,1.863
2024-07-08,"Tag_11",0.5,697.748286776683,"yes",520.228571428571,16.1057142857143,2.19614285714286,0
2024-07-08,"Tag_11",0.95,3924.72356097861,"yes",520.228571428571,16.1057142857143,2.19614285714286,0
2024-07-09,"Tag_11",0.5,1068.74510105963,"yes",213.851904761905,17.2138095238095,1.68552380952381,0.414
2024-07-09,"Tag_11",0.95,6727.3515691644,"yes",213.851904761905,17.2138095238095,1.68552380952381,0.414
2024-07-10,"Tag_11",0.5,1367.07362130243,"yes",314.614285714286,15.1542857142857,3.72557142857143,2.277
2024-07-10,"Tag_11",0.95,6738.39470163387,"yes",314.614285714286,15.1542857142857,3.72557142857143,2.277
2024-06-25,"Tag_12",0.5,722.169727166779,"no",185.080952380952,16.26,1.69438095238095,0
2024-06-25,"Tag_12",0.95,3621.03859819247,"no",185.080952380952,16.26,1.69438095238095,0
2024-06-26,"Tag_12",0.5,827.895343496279,"no",590.738095238095,22.1071428571429,1.88861904761905,0
2024-06-26,"Tag_12",0.95,4747.15028412816,"no",590.738095238095,22.1071428571429,1.88861904761905,0
2024-06-27,"Tag_12",0.5,856.836942784576,"no",506.604761904762,16.9438095238095,5.45766666666667,0
2024-06-27,"Tag_12",0.95,4902.43626195717,"no",506.604761904762,16.9438095238095,5.45766666666667,0
2024-06-28,"Tag_12",0.5,1556.59184204995,"no",287.435238095238,14.9890476190476,3.75638095238095,0
2024-06-28,"Tag_12",0.95,8280.98799434658,"no",287.435238095238,14.9890476190476,3.75638095238095,0
2024-06-25,"Tag_13",0.5,1229.38657512935,"no",185.080952380952,16.26,1.69438095238095,0
2024-06-25,"Tag_13",0.95,6810.66193220818,"no",185.080952380952,16.26,1.69438095238095,0
2024-06-26,"Tag_13",0.5,734.834376058455,"no",590.738095238095,22.1071428571429,1.88861904761905,0
2024-06-26,"Tag_13",0.95,6031.97349719765,"no",590.738095238095,22.1071428571429,1.88861904761905,0
2024-06-27,"Tag_13",0.5,761.821362499445,"no",506.604761904762,16.9438095238095,5.45766666666667,0
2024-06-27,"Tag_13",0.95,4432.83394202761,"no",506.604761904762,16.9438095238095,5.45766666666667,0
2024-06-28,"Tag_13",0.5,1360.11836493079,"no",287.435238095238,14.9890476190476,3.75638095238095,0
2024-06-28,"Tag_13",0.95,7940.65842783372,"no",287.435238095238,14.9890476190476,3.75638095238095,0
2024-06-29,"Tag_13",0.5,1254.99091868273,"no",318.638095238095,16.1804761904762,2.41771428571429,1.035
2024-06-29,"Tag_13",0.95,6918.52054536974,"no",318.638095238095,16.1804761904762,2.41771428571429,1.035
2024-06-30,"Tag_13",0.5,1119.44525172828,"no",221.761428571429,13.9838095238095,1.73919047619048,0
2024-06-30,"Tag_13",0.95,6551.97842018759,"no",221.761428571429,13.9838095238095,1.73919047619048,0
2024-07-01,"Tag_13",0.5,1856.71889589622,"yes",197.702857142857,13.7909523809524,3.12380952380952,2.07
2024-07-01,"Tag_13",0.95,8189.96886024672,"yes",197.702857142857,13.7909523809524,3.12380952380952,2.07
2024-07-02,"Tag_13",0.5,2003.17704882778,"yes",283.780952380952,14.8861904761905,1.97833333333333,0
2024-07-02,"Tag_13",0.95,8452.5128035852,"yes",283.780952380952,14.8861904761905,1.97833333333333,0
2024-07-03,"Tag_13",0.5,1923.0497612906,"yes",392.104761904762,16.1552380952381,3.90352380952381,0
2024-07-03,"Tag_13",0.95,9075.15681240529,"yes",392.104761904762,16.1552380952381,3.90352380952381,0
2024-07-04,"Tag_13",0.5,1281.81394482768,"yes",408.061904761905,14.8895238095238,5.30028571428571,0
2024-07-04,"Tag_13",0.95,7599.61862369994,"yes",408.061904761905,14.8895238095238,5.30028571428571,0
2024-07-05,"Tag_13",0.5,1667.97798004494,"yes",474.633333333333,15.5338095238095,2.66485714285714,0
2024-07-05,"Tag_13",0.95,7972.00639239046,"yes",474.633333333333,15.5338095238095,2.66485714285714,0
2024-07-06,"Tag_13",0.5,1200.22959134496,"yes",376.661428571429,13.3428571428571,2.57857142857143,10.35
2024-07-06,"Tag_13",0.95,7381.19976658898,"yes",376.661428571429,13.3428571428571,2.57857142857143,10.35
2024-07-07,"Tag_13",0.5,912.093762885147,"yes",396.461904761905,13.8652380952381,2.10438095238095,1.863
2024-07-07,"Tag_13",0.95,5616.68794551679,"yes",396.461904761905,13.8652380952381,2.10438095238095,1.863
2024-07-08,"Tag_13",0.5,1235.02632260707,"yes",520.228571428571,16.1057142857143,2.19614285714286,0
2024-07-08,"Tag_13",0.95,6585.00048775352,"yes",520.228571428571,16.1057142857143,2.19614285714286,0
2024-07-09,"Tag_13",0.5,978.73226972711,"yes",213.851904761905,17.2138095238095,1.68552380952381,0.414
2024-07-09,"Tag_13",0.95,7225.42252831595,"yes",213.851904761905,17.2138095238095,1.68552380952381,0.414
2024-07-10,"Tag_13",0.5,1746.23720497655,"yes",314.614285714286,15.1542857142857,3.72557142857143,2.277
2024-07-10,"Tag_13",0.95,7188.25334489644,"yes",314.614285714286,15.1542857142857,3.72557142857143,2.277
2024-07-11,"Tag_13",0.5,1201.36861894371,"yes",149.898571428571,14.6585714285714,2.1012380952381,1.242
2024-07-11,"Tag_13",0.95,7300.45012461469,"yes",149.898571428571,14.6585714285714,2.1012380952381,1.242
2024-07-12,"Tag_13",0.5,1643.49134073116,"yes",312.609523809524,15.3314285714286,1.37838095238095,0.207
2024-07-12,"Tag_13",0.95,7474.13821038815,"yes",312.609523809524,15.3314285714286,1.37838095238095,0.207
2024-07-13,"Tag_13",0.5,990.524657810252,"yes",303.095238095238,15.6433333333333,1.7477619047619,0
2024-07-13,"Tag_13",0.95,8346.893407161,"yes",303.095238095238,15.6433333333333,1.7477619047619,0
2024-07-14,"Tag_13",0.5,1482.87367082213,"yes",327.161904761905,16.6880952380952,1.5487619047619,0
2024-07-14,"Tag_13",0.95,8069.79247954539,"yes",327.161904761905,16.6880952380952,1.5487619047619,0
2024-07-15,"Tag_13",0.5,1796.18955744963,"yes",282.169047619048,18.6895238095238,1.16766666666667,1.242
2024-07-15,"Tag_13",0.95,8504.19915321834,"yes",282.169047619048,18.6895238095238,1.16766666666667,1.242
2024-07-16,"Tag_13",0.5,1260.88709689283,"no",144.512380952381,15.9804761904762,1.36790476190476,0
2024-07-16,"Tag_13",0.95,7971.40863472895,"no",144.512380952381,15.9804761904762,1.36790476190476,0
2024-07-17,"Tag_13",0.5,1361.41016255721,"yes",550.142857142857,20.4966666666667,2.87880952380952,0
2024-07-17,"Tag_13",0.95,6304.71461792944,"yes",550.142857142857,20.4966666666667,2.87880952380952,0
2024-07-18,"Tag_13",0.5,1074.1792332916,"no",444.166666666667,19.947619047619,2.43719047619048,0.414
2024-07-18,"Tag_13",0.95,6877.2152467718,"no",444.166666666667,19.947619047619,2.43719047619048,0.414
2024-07-19,"Tag_13",0.5,1351.14693458873,"yes",576.204761904762,22.3947619047619,2.87790476190476,0
2024-07-19,"Tag_13",0.95,7578.71843278315,"yes",576.204761904762,22.3947619047619,2.87790476190476,0
2024-07-20,"Tag_13",0.5,677.785307263267,"no",168.888571428571,17.7128571428571,1.26328571428571,6.831
2024-07-20,"Tag_13",0.95,5525.25452508063,"no",168.888571428571,17.7128571428571,1.26328571428571,6.831
2024-07-21,"Tag_13",0.5,914.704571461306,"no",432.633333333333,16.7695238095238,3.07495238095238,0
2024-07-21,"Tag_13",0.95,6342.27963652342,"no",432.633333333333,16.7695238095238,3.07495238095238,0
2024-06-25,"Tag_16",0.5,1548.99880743272,"no",185.080952380952,16.26,1.69438095238095,0
2024-06-25,"Tag_16",0.95,6629.70954058612,"no",185.080952380952,16.26,1.69438095238095,0
2024-06-26,"Tag_16",0.5,1088.17635755211,"no",590.738095238095,22.1071428571429,1.88861904761905,0
2024-06-26,"Tag_16",0.95,4610.5147148263,"no",590.738095238095,22.1071428571429,1.88861904761905,0
2024-06-27,"Tag_16",0.5,999.438282933833,"no",506.604761904762,16.9438095238095,5.45766666666667,0
2024-06-27,"Tag_16",0.95,4789.92513100067,"no",506.604761904762,16.9438095238095,5.45766666666667,0
2024-06-28,"Tag_16",0.5,1496.49071900838,"no",287.435238095238,14.9890476190476,3.75638095238095,0
2024-06-28,"Tag_16",0.95,8010.81063614438,"no",287.435238095238,14.9890476190476,3.75638095238095,0
2024-06-29,"Tag_16",0.5,1068.88933297132,"no",318.638095238095,16.1804761904762,2.41771428571429,1.035
2024-06-29,"Tag_16",0.95,5398.47788347766,"no",318.638095238095,16.1804761904762,2.41771428571429,1.035
2024-06-25,"Tag_18",0.5,621.802762490182,"no",185.080952380952,16.26,1.69438095238095,0
2024-06-25,"Tag_18",0.95,2748.45231300319,"no",185.080952380952,16.26,1.69438095238095,0
2024-06-26,"Tag_18",0.5,681.132563451527,"no",590.738095238095,22.1071428571429,1.88861904761905,0
2024-06-26,"Tag_18",0.95,4072.24767375119,"no",590.738095238095,22.1071428571429,1.88861904761905,0
2024-06-27,"Tag_18",0.5,642.659056602932,"no",506.604761904762,16.9438095238095,5.45766666666667,0
2024-06-27,"Tag_18",0.95,3520.23012662437,"no",506.604761904762,16.9438095238095,5.45766666666667,0
2024-06-28,"Tag_18",0.5,1258.60502163185,"no",287.435238095238,14.9890476190476,3.75638095238095,0
2024-06-28,"Tag_18",0.95,7132.46927119634,"no",287.435238095238,14.9890476190476,3.75638095238095,0
2024-06-29,"Tag_18",0.5,1403.05510054811,"no",318.638095238095,16.1804761904762,2.41771428571429,1.035
2024-06-29,"Tag_18",0.95,8432.77141130857,"no",318.638095238095,16.1804761904762,2.41771428571429,1.035
2024-06-25,"Tag_19",0.5,1244.59846217902,"no",185.080952380952,16.26,1.69438095238095,0
2024-06-25,"Tag_19",0.95,6101.42095053632,"no",185.080952380952,16.26,1.69438095238095,0
2024-06-26,"Tag_19",0.5,937.68113525563,"no",590.738095238095,22.1071428571429,1.88861904761905,0
2024-06-26,"Tag_19",0.95,5482.4695794249,"no",590.738095238095,22.1071428571429,1.88861904761905,0
2024-06-27,"Tag_19",0.5,985.266178260977,"no",506.604761904762,16.9438095238095,5.45766666666667,0
2024-06-27,"Tag_19",0.95,4731.30993517984,"no",506.604761904762,16.9438095238095,5.45766666666667,0
2024-06-28,"Tag_19",0.5,1509.49967641924,"no",287.435238095238,14.9890476190476,3.75638095238095,0
2024-06-28,"Tag_19",0.95,7666.97582223058,"no",287.435238095238,14.9890476190476,3.75638095238095,0
2024-06-29,"Tag_19",0.5,958.413754134485,"no",318.638095238095,16.1804761904762,2.41771428571429,1.035
2024-06-29,"Tag_19",0.95,5990.41614703791,"no",318.638095238095,16.1804761904762,2.41771428571429,1.035
2024-06-30,"Tag_19",0.5,940.070024539101,"no",221.761428571429,13.9838095238095,1.73919047619048,0
2024-06-30,"Tag_19",0.95,6150.07762688669,"no",221.761428571429,13.9838095238095,1.73919047619048,0
2024-07-01,"Tag_19",0.5,1316.61530443612,"yes",197.702857142857,13.7909523809524,3.12380952380952,2.07
2024-07-01,"Tag_19",0.95,5946.06517803384,"yes",197.702857142857,13.7909523809524,3.12380952380952,2.07
2024-07-02,"Tag_19",0.5,1364.26273641426,"yes",283.780952380952,14.8861904761905,1.97833333333333,0
2024-07-02,"Tag_19",0.95,6569.77352011634,"yes",283.780952380952,14.8861904761905,1.97833333333333,0
2024-07-03,"Tag_19",0.5,1444.18320438003,"yes",392.104761904762,16.1552380952381,3.90352380952381,0
2024-07-03,"Tag_19",0.95,7214.96574276469,"yes",392.104761904762,16.1552380952381,3.90352380952381,0
2024-07-04,"Tag_19",0.5,1864.93188548035,"yes",408.061904761905,14.8895238095238,5.30028571428571,0
2024-07-04,"Tag_19",0.95,9166.86024228602,"yes",408.061904761905,14.8895238095238,5.30028571428571,0
2024-07-05,"Tag_19",0.5,1657.13279237147,"yes",474.633333333333,15.5338095238095,2.66485714285714,0
2024-07-05,"Tag_19",0.95,8665.81233500352,"yes",474.633333333333,15.5338095238095,2.66485714285714,0
2024-07-06,"Tag_19",0.5,946.317257672183,"yes",376.661428571429,13.3428571428571,2.57857142857143,10.35
2024-07-06,"Tag_19",0.95,6245.16995187728,"yes",376.661428571429,13.3428571428571,2.57857142857143,10.35
2024-07-07,"Tag_19",0.5,670.400388803641,"yes",396.461904761905,13.8652380952381,2.10438095238095,1.863
2024-07-07,"Tag_19",0.95,5900.98502690225,"yes",396.461904761905,13.8652380952381,2.10438095238095,1.863
2024-07-08,"Tag_19",0.5,1168.9078408108,"yes",520.228571428571,16.1057142857143,2.19614285714286,0
2024-07-08,"Tag_19",0.95,4612.51827611831,"yes",520.228571428571,16.1057142857143,2.19614285714286,0
2024-07-09,"Tag_19",0.5,1524.11013562625,"yes",213.851904761905,17.2138095238095,1.68552380952381,0.414
2024-07-09,"Tag_19",0.95,7965.50629666138,"yes",213.851904761905,17.2138095238095,1.68552380952381,0.414
2024-07-10,"Tag_19",0.5,1150.13614703514,"yes",314.614285714286,15.1542857142857,3.72557142857143,2.277
2024-07-10,"Tag_19",0.95,5364.58941296136,"yes",314.614285714286,15.1542857142857,3.72557142857143,2.277
2024-07-11,"Tag_19",0.5,1885.79750123604,"yes",149.898571428571,14.6585714285714,2.1012380952381,1.242
2024-07-11,"Tag_19",0.95,8432.41505747188,"yes",149.898571428571,14.6585714285714,2.1012380952381,1.242
2024-07-12,"Tag_19",0.5,1798.25775196656,"yes",312.609523809524,15.3314285714286,1.37838095238095,0.207
2024-07-12,"Tag_19",0.95,8313.47238588948,"yes",312.609523809524,15.3314285714286,1.37838095238095,0.207
2024-07-13,"Tag_19",0.5,1876.59013274318,"yes",303.095238095238,15.6433333333333,1.7477619047619,0
2024-07-13,"Tag_19",0.95,8285.38660706698,"yes",303.095238095238,15.6433333333333,1.7477619047619,0
2024-07-14,"Tag_19",0.5,1349.16395637465,"yes",327.161904761905,16.6880952380952,1.5487619047619,0
2024-07-14,"Tag_19",0.95,7046.27023226777,"yes",327.161904761905,16.6880952380952,1.5487619047619,0
2024-07-15,"Tag_19",0.5,1295.2501742102,"yes",282.169047619048,18.6895238095238,1.16766666666667,1.242
2024-07-15,"Tag_19",0.95,6671.95154446151,"yes",282.169047619048,18.6895238095238,1.16766666666667,1.242
2024-07-16,"Tag_19",0.5,1172.60088478061,"no",144.512380952381,15.9804761904762,1.36790476190476,0
2024-07-16,"Tag_19",0.95,6087.59151860085,"no",144.512380952381,15.9804761904762,1.36790476190476,0
2024-07-17,"Tag_19",0.5,1744.31960859455,"yes",550.142857142857,20.4966666666667,2.87880952380952,0
2024-07-17,"Tag_19",0.95,7637.90298752583,"yes",550.142857142857,20.4966666666667,2.87880952380952,0
2024-07-18,"Tag_19",0.5,1178.6756327154,"no",444.166666666667,19.947619047619,2.43719047619048,0.414
2024-07-18,"Tag_19",0.95,6403.95520402649,"no",444.166666666667,19.947619047619,2.43719047619048,0.414
2024-07-19,"Tag_19",0.5,1157.31655838471,"yes",576.204761904762,22.3947619047619,2.87790476190476,0
2024-07-19,"Tag_19",0.95,6404.19374270363,"yes",576.204761904762,22.3947619047619,2.87790476190476,0
2024-07-20,"Tag_19",0.5,687.410798181991,"no",168.888571428571,17.7128571428571,1.26328571428571,6.831
2024-07-20,"Tag_19",0.95,3819.88648313061,"no",168.888571428571,17.7128571428571,1.26328571428571,6.831
2024-07-21,"Tag_19",0.5,1250.14791092129,"no",432.633333333333,16.7695238095238,3.07495238095238,0
2024-07-21,"Tag_19",0.95,6820.88770678747,"no",432.633333333333,16.7695238095238,3.07495238095238,0
2024-06-25,"Tag_1",0.5,425.707234784177,"no",185.080952380952,16.26,1.69438095238095,0
2024-06-25,"Tag_1",0.95,3787.79110659928,"no",185.080952380952,16.26,1.69438095238095,0
2024-06-26,"Tag_1",0.5,471.200790051545,"no",590.738095238095,22.1071428571429,1.88861904761905,0
2024-06-26,"Tag_1",0.95,3600.2731131464,"no",590.738095238095,22.1071428571429,1.88861904761905,0
2024-06-27,"Tag_1",0.5,721.520169823544,"no",506.604761904762,16.9438095238095,5.45766666666667,0
2024-06-27,"Tag_1",0.95,3939.06632618276,"no",506.604761904762,16.9438095238095,5.45766666666667,0
2024-06-28,"Tag_1",0.5,929.779386464457,"no",287.435238095238,14.9890476190476,3.75638095238095,0
2024-06-28,"Tag_1",0.95,6922.6785300773,"no",287.435238095238,14.9890476190476,3.75638095238095,0
2024-06-29,"Tag_1",0.5,542.224368638912,"no",318.638095238095,16.1804761904762,2.41771428571429,1.035
2024-06-29,"Tag_1",0.95,4373.72173869627,"no",318.638095238095,16.1804761904762,2.41771428571429,1.035
2024-06-25,"Tag_20",0.5,1162.55318781487,"no",185.080952380952,16.26,1.69438095238095,0
2024-06-25,"Tag_20",0.95,6734.55138409925,"no",185.080952380952,16.26,1.69438095238095,0
2024-06-26,"Tag_20",0.5,1118.38266613042,"no",590.738095238095,22.1071428571429,1.88861904761905,0
2024-06-26,"Tag_20",0.95,5491.06350185481,"no",590.738095238095,22.1071428571429,1.88861904761905,0
2024-06-27,"Tag_20",0.5,805.063249957584,"no",506.604761904762,16.9438095238095,5.45766666666667,0
2024-06-27,"Tag_20",0.95,4721.35449361029,"no",506.604761904762,16.9438095238095,5.45766666666667,0
2024-06-28,"Tag_20",0.5,1143.83783704167,"no",287.435238095238,14.9890476190476,3.75638095238095,0
2024-06-28,"Tag_20",0.95,6769.66401526424,"no",287.435238095238,14.9890476190476,3.75638095238095,0
2024-06-29,"Tag_20",0.5,1173.97892202412,"no",318.638095238095,16.1804761904762,2.41771428571429,1.035
2024-06-29,"Tag_20",0.95,7377.12487787491,"no",318.638095238095,16.1804761904762,2.41771428571429,1.035
2024-06-30,"Tag_20",0.5,605.977499758009,"no",221.761428571429,13.9838095238095,1.73919047619048,0
2024-06-30,"Tag_20",0.95,5476.2471951602,"no",221.761428571429,13.9838095238095,1.73919047619048,0
2024-07-01,"Tag_20",0.5,1431.57335000935,"yes",197.702857142857,13.7909523809524,3.12380952380952,2.07
2024-07-01,"Tag_20",0.95,6389.75780877492,"yes",197.702857142857,13.7909523809524,3.12380952380952,2.07
2024-07-02,"Tag_20",0.5,1186.35511500041,"yes",283.780952380952,14.8861904761905,1.97833333333333,0
2024-07-02,"Tag_20",0.95,7637.14837161909,"yes",283.780952380952,14.8861904761905,1.97833333333333,0
2024-07-03,"Tag_20",0.5,894.887507929617,"yes",392.104761904762,16.1552380952381,3.90352380952381,0
2024-07-03,"Tag_20",0.95,7644.06404550437,"yes",392.104761904762,16.1552380952381,3.90352380952381,0
2024-07-04,"Tag_20",0.5,1070.62646190646,"yes",408.061904761905,14.8895238095238,5.30028571428571,0
2024-07-04,"Tag_20",0.95,7799.28954650179,"yes",408.061904761905,14.8895238095238,5.30028571428571,0
2024-07-05,"Tag_20",0.5,863.974340925193,"yes",474.633333333333,15.5338095238095,2.66485714285714,0
2024-07-05,"Tag_20",0.95,6859.89346534455,"yes",474.633333333333,15.5338095238095,2.66485714285714,0
2024-07-06,"Tag_20",0.5,709.44468954947,"yes",376.661428571429,13.3428571428571,2.57857142857143,10.35
2024-07-06,"Tag_20",0.95,5253.78618813828,"yes",376.661428571429,13.3428571428571,2.57857142857143,10.35
2024-07-07,"Tag_20",0.5,704.066770704643,"yes",396.461904761905,13.8652380952381,2.10438095238095,1.863
2024-07-07,"Tag_20",0.95,4275.66355202079,"yes",396.461904761905,13.8652380952381,2.10438095238095,1.863
2024-07-08,"Tag_20",0.5,829.862328098953,"yes",520.228571428571,16.1057142857143,2.19614285714286,0
2024-07-08,"Tag_20",0.95,5027.98671245125,"yes",520.228571428571,16.1057142857143,2.19614285714286,0
2024-07-09,"Tag_20",0.5,813.351408991039,"yes",213.851904761905,17.2138095238095,1.68552380952381,0.414
2024-07-09,"Tag_20",0.95,5641.3832181625,"yes",213.851904761905,17.2138095238095,1.68552380952381,0.414
2024-07-10,"Tag_20",0.5,994.276488736994,"yes",314.614285714286,15.1542857142857,3.72557142857143,2.277
2024-07-10,"Tag_20",0.95,4860.31412695781,"yes",314.614285714286,15.1542857142857,3.72557142857143,2.277
2024-07-11,"Tag_20",0.5,1229.82525968145,"yes",149.898571428571,14.6585714285714,2.1012380952381,1.242
2024-07-11,"Tag_20",0.95,8354.38243065008,"yes",149.898571428571,14.6585714285714,2.1012380952381,1.242
2024-07-12,"Tag_20",0.5,662.636359100463,"yes",312.609523809524,15.3314285714286,1.37838095238095,0.207
2024-07-12,"Tag_20",0.95,5606.8983073443,"yes",312.609523809524,15.3314285714286,1.37838095238095,0.207
2024-07-13,"Tag_20",0.5,846.531244260956,"yes",303.095238095238,15.6433333333333,1.7477619047619,0
2024-07-13,"Tag_20",0.95,4293.26414571973,"yes",303.095238095238,15.6433333333333,1.7477619047619,0
2024-07-14,"Tag_20",0.5,762.467959238859,"yes",327.161904761905,16.6880952380952,1.5487619047619,0
2024-07-14,"Tag_20",0.95,5790.76560792009,"yes",327.161904761905,16.6880952380952,1.5487619047619,0
2024-07-15,"Tag_20",0.5,1267.3456183316,"yes",282.169047619048,18.6895238095238,1.16766666666667,1.242
2024-07-15,"Tag_20",0.95,7489.00693788651,"yes",282.169047619048,18.6895238095238,1.16766666666667,1.242
2024-07-16,"Tag_20",0.5,817.229783143213,"no",144.512380952381,15.9804761904762,1.36790476190476,0
2024-07-16,"Tag_20",0.95,5439.98375555072,"no",144.512380952381,15.9804761904762,1.36790476190476,0
2024-07-17,"Tag_20",0.5,1132.37019936628,"yes",550.142857142857,20.4966666666667,2.87880952380952,0
2024-07-17,"Tag_20",0.95,5674.43394809091,"yes",550.142857142857,20.4966666666667,2.87880952380952,0
2024-07-18,"Tag_20",0.5,903.146327805705,"no",444.166666666667,19.947619047619,2.43719047619048,0.414
2024-07-18,"Tag_20",0.95,5589.57232796317,"no",444.166666666667,19.947619047619,2.43719047619048,0.414
2024-07-19,"Tag_20",0.5,652.300964619889,"yes",576.204761904762,22.3947619047619,2.87790476190476,0
2024-07-19,"Tag_20",0.95,3841.78176352917,"yes",576.204761904762,22.3947619047619,2.87790476190476,0
2024-07-20,"Tag_20",0.5,861.128444967403,"no",168.888571428571,17.7128571428571,1.26328571428571,6.831
2024-07-20,"Tag_20",0.95,6514.74006676042,"no",168.888571428571,17.7128571428571,1.26328571428571,6.831
2024-07-21,"Tag_20",0.5,980.35322417385,"no",432.633333333333,16.7695238095238,3.07495238095238,0
2024-07-21,"Tag_20",0.95,5625.80852492197,"no",432.633333333333,16.7695238095238,3.07495238095238,0
2024-06-25,"Tag_21",0.5,1027.82959519944,"no",185.080952380952,16.26,1.69438095238095,0
2024-06-25,"Tag_21",0.95,4999.72631923196,"no",185.080952380952,16.26,1.69438095238095,0
2024-06-26,"Tag_21",0.5,633.654315445336,"no",590.738095238095,22.1071428571429,1.88861904761905,0
2024-06-26,"Tag_21",0.95,3759.59308178828,"no",590.738095238095,22.1071428571429,1.88861904761905,0
2024-06-27,"Tag_21",0.5,926.30070394128,"no",506.604761904762,16.9438095238095,5.45766666666667,0
2024-06-27,"Tag_21",0.95,5246.1563453433,"no",506.604761904762,16.9438095238095,5.45766666666667,0
2024-06-28,"Tag_21",0.5,1116.02404844086,"no",287.435238095238,14.9890476190476,3.75638095238095,0
2024-06-28,"Tag_21",0.95,8039.79652073299,"no",287.435238095238,14.9890476190476,3.75638095238095,0
2024-06-29,"Tag_21",0.5,886.1732363427,"no",318.638095238095,16.1804761904762,2.41771428571429,1.035
2024-06-29,"Tag_21",0.95,5016.06716515378,"no",318.638095238095,16.1804761904762,2.41771428571429,1.035
2024-06-30,"Tag_21",0.5,934.25359509252,"no",221.761428571429,13.9838095238095,1.73919047619048,0
2024-06-30,"Tag_21",0.95,5144.82672618559,"no",221.761428571429,13.9838095238095,1.73919047619048,0
2024-07-01,"Tag_21",0.5,746.885811759532,"yes",197.702857142857,13.7909523809524,3.12380952380952,2.07
2024-07-01,"Tag_21",0.95,5730.85444706802,"yes",197.702857142857,13.7909523809524,3.12380952380952,2.07
2024-07-02,"Tag_21",0.5,915.798213671025,"yes",283.780952380952,14.8861904761905,1.97833333333333,0
2024-07-02,"Tag_21",0.95,5341.91365751424,"yes",283.780952380952,14.8861904761905,1.97833333333333,0
2024-07-03,"Tag_21",0.5,1351.87486286393,"yes",392.104761904762,16.1552380952381,3.90352380952381,0
2024-07-03,"Tag_21",0.95,7356.76257496898,"yes",392.104761904762,16.1552380952381,3.90352380952381,0
2024-07-04,"Tag_21",0.5,919.937542315548,"yes",408.061904761905,14.8895238095238,5.30028571428571,0
2024-07-04,"Tag_21",0.95,6218.08105318432,"yes",408.061904761905,14.8895238095238,5.30028571428571,0
2024-07-05,"Tag_21",0.5,858.114257356699,"yes",474.633333333333,15.5338095238095,2.66485714285714,0
2024-07-05,"Tag_21",0.95,5562.02623200521,"yes",474.633333333333,15.5338095238095,2.66485714285714,0
2024-07-06,"Tag_21",0.5,817.522685552051,"yes",376.661428571429,13.3428571428571,2.57857142857143,10.35
2024-07-06,"Tag_21",0.95,5490.55664066777,"yes",376.661428571429,13.3428571428571,2.57857142857143,10.35
2024-07-07,"Tag_21",0.5,375.751241713523,"yes",396.461904761905,13.8652380952381,2.10438095238095,1.863
2024-07-07,"Tag_21",0.95,4182.03906702623,"yes",396.461904761905,13.8652380952381,2.10438095238095,1.863
2024-07-08,"Tag_21",0.5,733.426269857765,"yes",520.228571428571,16.1057142857143,2.19614285714286,0
2024-07-08,"Tag_21",0.95,5355.83469996588,"yes",520.228571428571,16.1057142857143,2.19614285714286,0
2024-07-09,"Tag_21",0.5,709.238194275703,"yes",213.851904761905,17.2138095238095,1.68552380952381,0.414
2024-07-09,"Tag_21",0.95,4241.7169051635,"yes",213.851904761905,17.2138095238095,1.68552380952381,0.414
2024-07-10,"Tag_21",0.5,868.913576340257,"yes",314.614285714286,15.1542857142857,3.72557142857143,2.277
2024-07-10,"Tag_21",0.95,4305.38709942648,"yes",314.614285714286,15.1542857142857,3.72557142857143,2.277
2024-06-25,"Tag_22",0.5,1245.10865232526,"no",185.080952380952,16.26,1.69438095238095,0
2024-06-25,"Tag_22",0.95,5891.27790035543,"no",185.080952380952,16.26,1.69438095238095,0
2024-06-26,"Tag_22",0.5,1130.45839824861,"no",590.738095238095,22.1071428571429,1.88861904761905,0
2024-06-26,"Tag_22",0.95,6810.28619067207,"no",590.738095238095,22.1071428571429,1.88861904761905,0
2024-06-27,"Tag_22",0.5,906.828768130194,"no",506.604761904762,16.9438095238095,5.45766666666667,0
2024-06-27,"Tag_22",0.95,5123.14866634014,"no",506.604761904762,16.9438095238095,5.45766666666667,0
2024-06-28,"Tag_22",0.5,1705.3418272904,"no",287.435238095238,14.9890476190476,3.75638095238095,0
2024-06-28,"Tag_22",0.95,7651.37126134396,"no",287.435238095238,14.9890476190476,3.75638095238095,0
2024-06-29,"Tag_22",0.5,1149.06844563282,"no",318.638095238095,16.1804761904762,2.41771428571429,1.035
2024-06-29,"Tag_22",0.95,6458.43790245302,"no",318.638095238095,16.1804761904762,2.41771428571429,1.035
2024-06-30,"Tag_22",0.5,1301.01239613164,"no",221.761428571429,13.9838095238095,1.73919047619048,0
2024-06-30,"Tag_22",0.95,6737.92709291288,"no",221.761428571429,13.9838095238095,1.73919047619048,0
2024-07-01,"Tag_22",0.5,1434.57041469609,"yes",197.702857142857,13.7909523809524,3.12380952380952,2.07
2024-07-01,"Tag_22",0.95,7650.31671052828,"yes",197.702857142857,13.7909523809524,3.12380952380952,2.07
2024-07-02,"Tag_22",0.5,1274.29167020927,"yes",283.780952380952,14.8861904761905,1.97833333333333,0
2024-07-02,"Tag_22",0.95,6881.78098777575,"yes",283.780952380952,14.8861904761905,1.97833333333333,0
2024-07-03,"Tag_22",0.5,2196.31752041351,"yes",392.104761904762,16.1552380952381,3.90352380952381,0
2024-07-03,"Tag_22",0.95,8776.30286971969,"yes",392.104761904762,16.1552380952381,3.90352380952381,0
2024-06-25,"Tag_5",0.5,951.581468827573,"no",185.080952380952,16.26,1.69438095238095,0
2024-06-25,"Tag_5",0.95,5743.00158295364,"no",185.080952380952,16.26,1.69438095238095,0
2024-06-26,"Tag_5",0.5,406.541314487708,"no",590.738095238095,22.1071428571429,1.88861904761905,0
2024-06-26,"Tag_5",0.95,3736.17797182682,"no",590.738095238095,22.1071428571429,1.88861904761905,0
2024-06-27,"Tag_5",0.5,750.777021565082,"no",506.604761904762,16.9438095238095,5.45766666666667,0
2024-06-27,"Tag_5",0.95,3549.9675092062,"no",506.604761904762,16.9438095238095,5.45766666666667,0
2024-06-28,"Tag_5",0.5,873.009973277818,"no",287.435238095238,14.9890476190476,3.75638095238095,0
2024-06-28,"Tag_5",0.95,5970.20267492487,"no",287.435238095238,14.9890476190476,3.75638095238095,0
2024-06-29,"Tag_5",0.5,658.665438214849,"no",318.638095238095,16.1804761904762,2.41771428571429,1.035
2024-06-29,"Tag_5",0.95,5376.27468767266,"no",318.638095238095,16.1804761904762,2.41771428571429,1.035
2024-06-30,"Tag_5",0.5,610.78964500591,"no",221.761428571429,13.9838095238095,1.73919047619048,0
2024-06-30,"Tag_5",0.95,4227.78127982756,"no",221.761428571429,13.9838095238095,1.73919047619048,0
2024-07-01,"Tag_5",0.5,505.981801175859,"yes",197.702857142857,13.7909523809524,3.12380952380952,2.07
2024-07-01,"Tag_5",0.95,5522.29971745513,"yes",197.702857142857,13.7909523809524,3.12380952380952,2.07
2024-07-02,"Tag_5",0.5,670.148748591278,"yes",283.780952380952,14.8861904761905,1.97833333333333,0
2024-07-02,"Tag_5",0.95,4415.21712912274,"yes",283.780952380952,14.8861904761905,1.97833333333333,0
2024-07-03,"Tag_5",0.5,775.719649415331,"yes",392.104761904762,16.1552380952381,3.90352380952381,0
2024-07-03,"Tag_5",0.95,5002.64115840188,"yes",392.104761904762,16.1552380952381,3.90352380952381,0
2024-07-04,"Tag_5",0.5,796.119607569149,"yes",408.061904761905,14.8895238095238,5.30028571428571,0
2024-07-04,"Tag_5",0.95,6216.25621543982,"yes",408.061904761905,14.8895238095238,5.30028571428571,0
2024-07-05,"Tag_5",0.5,658.003741459677,"yes",474.633333333333,15.5338095238095,2.66485714285714,0
2024-07-05,"Tag_5",0.95,5493.42566303967,"yes",474.633333333333,15.5338095238095,2.66485714285714,0
2024-07-06,"Tag_5",0.5,794.206178505616,"yes",376.661428571429,13.3428571428571,2.57857142857143,10.35
2024-07-06,"Tag_5",0.95,5020.64810318255,"yes",376.661428571429,13.3428571428571,2.57857142857143,10.35
2024-07-07,"Tag_5",0.5,383.556952895389,"yes",396.461904761905,13.8652380952381,2.10438095238095,1.863
2024-07-07,"Tag_5",0.95,3535.47462591099,"yes",396.461904761905,13.8652380952381,2.10438095238095,1.863
2024-07-08,"Tag_5",0.5,842.609144424354,"yes",520.228571428571,16.1057142857143,2.19614285714286,0
2024-07-08,"Tag_5",0.95,4791.68677222301,"yes",520.228571428571,16.1057142857143,2.19614285714286,0
2024-07-09,"Tag_5",0.5,760.093538737203,"yes",213.851904761905,17.2138095238095,1.68552380952381,0.414
2024-07-09,"Tag_5",0.95,4163.93708703716,"yes",213.851904761905,17.2138095238095,1.68552380952381,0.414
2024-07-10,"Tag_5",0.5,458.051426117776,"yes",314.614285714286,15.1542857142857,3.72557142857143,2.277
2024-07-10,"Tag_5",0.95,2400.06151640379,"yes",314.614285714286,15.1542857142857,3.72557142857143,2.277
2024-07-11,"Tag_5",0.5,721.556459753419,"yes",149.898571428571,14.6585714285714,2.1012380952381,1.242
2024-07-11,"Tag_5",0.95,3993.34274886817,"yes",149.898571428571,14.6585714285714,2.1012380952381,1.242
2024-07-12,"Tag_5",0.5,519.219120531354,"yes",312.609523809524,15.3314285714286,1.37838095238095,0.207
2024-07-12,"Tag_5",0.95,4368.66445849933,"yes",312.609523809524,15.3314285714286,1.37838095238095,0.207
2024-06-25,"Tag_7",0.5,1028.89207510598,"no",185.080952380952,16.26,1.69438095238095,0
2024-06-25,"Tag_7",0.95,5370.90549813601,"no",185.080952380952,16.26,1.69438095238095,0
2024-06-26,"Tag_7",0.5,1072.52729420052,"no",590.738095238095,22.1071428571429,1.88861904761905,0
2024-06-26,"Tag_7",0.95,5870.35915771689,"no",590.738095238095,22.1071428571429,1.88861904761905,0
2024-06-27,"Tag_7",0.5,1056.91640325341,"no",506.604761904762,16.9438095238095,5.45766666666667,0
2024-06-27,"Tag_7",0.95,5207.27313687315,"no",506.604761904762,16.9438095238095,5.45766666666667,0
2024-06-28,"Tag_7",0.5,1352.8060676638,"no",287.435238095238,14.9890476190476,3.75638095238095,0
2024-06-28,"Tag_7",0.95,8004.41159080364,"no",287.435238095238,14.9890476190476,3.75638095238095,0
2024-06-29,"Tag_7",0.5,992.072658898639,"no",318.638095238095,16.1804761904762,2.41771428571429,1.035
2024-06-29,"Tag_7",0.95,6132.23119229356,"no",318.638095238095,16.1804761904762,2.41771428571429,1.035
2024-06-30,"Tag_7",0.5,662.748307037787,"no",221.761428571429,13.9838095238095,1.73919047619048,0
2024-06-30,"Tag_7",0.95,3720.99777259973,"no",221.761428571429,13.9838095238095,1.73919047619048,0
2024-06-25,"Tag_8",0.5,957.361569656758,"no",185.080952380952,16.26,1.69438095238095,0
2024-06-25,"Tag_8",0.95,4051.10640589784,"no",185.080952380952,16.26,1.69438095238095,0
2024-06-26,"Tag_8",0.5,977.488139974495,"no",590.738095238095,22.1071428571429,1.88861904761905,0
2024-06-26,"Tag_8",0.95,5922.78068813277,"no",590.738095238095,22.1071428571429,1.88861904761905,0
2024-06-27,"Tag_8",0.5,1126.90116449367,"no",506.604761904762,16.9438095238095,5.45766666666667,0
2024-06-27,"Tag_8",0.95,5994.40124978235,"no",506.604761904762,16.9438095238095,5.45766666666667,0
2024-06-28,"Tag_8",0.5,1276.59770004396,"no",287.435238095238,14.9890476190476,3.75638095238095,0
2024-06-28,"Tag_8",0.95,7662.26133613764,"no",287.435238095238,14.9890476190476,3.75638095238095,0
2024-06-29,"Tag_8",0.5,1144.37369730006,"no",318.638095238095,16.1804761904762,2.41771428571429,1.035
2024-06-29,"Tag_8",0.95,6708.00354470129,"no",318.638095238095,16.1804761904762,2.41771428571429,1.035
2024-06-30,"Tag_8",0.5,598.028847607201,"no",221.761428571429,13.9838095238095,1.73919047619048,0
2024-06-30,"Tag_8",0.95,4285.89801903295,"no",221.761428571429,13.9838095238095,1.73919047619048,0
2024-07-01,"Tag_8",0.5,1333.67983549911,"yes",197.702857142857,13.7909523809524,3.12380952380952,2.07
2024-07-01,"Tag_8",0.95,7015.46723566435,"yes",197.702857142857,13.7909523809524,3.12380952380952,2.07
2024-07-02,"Tag_8",0.5,1383.51348930256,"yes",283.780952380952,14.8861904761905,1.97833333333333,0
2024-07-02,"Tag_8",0.95,6997.79214379725,"yes",283.780952380952,14.8861904761905,1.97833333333333,0
2024-07-03,"Tag_8",0.5,1213.30353909368,"yes",392.104761904762,16.1552380952381,3.90352380952381,0
2024-07-03,"Tag_8",0.95,6463.01480301805,"yes",392.104761904762,16.1552380952381,3.90352380952381,0
2024-07-04,"Tag_8",0.5,1039.62340765658,"yes",408.061904761905,14.8895238095238,5.30028571428571,0
2024-07-04,"Tag_8",0.95,6442.00910099803,"yes",408.061904761905,14.8895238095238,5.30028571428571,0
2024-07-05,"Tag_8",0.5,1586.95138163572,"yes",474.633333333333,15.5338095238095,2.66485714285714,0
2024-07-05,"Tag_8",0.95,9147.85423100708,"yes",474.633333333333,15.5338095238095,2.66485714285714,0
2024-07-06,"Tag_8",0.5,1188.28007588106,"yes",376.661428571429,13.3428571428571,2.57857142857143,10.35
2024-07-06,"Tag_8",0.95,7142.65593566163,"yes",376.661428571429,13.3428571428571,2.57857142857143,10.35
2024-07-07,"Tag_8",0.5,852.520312788529,"yes",396.461904761905,13.8652380952381,2.10438095238095,1.863
2024-07-07,"Tag_8",0.95,5373.4688266671,"yes",396.461904761905,13.8652380952381,2.10438095238095,1.863
2024-07-08,"Tag_8",0.5,1050.2915247664,"yes",520.228571428571,16.1057142857143,2.19614285714286,0
2024-07-08,"Tag_8",0.95,5509.2276114614,"yes",520.228571428571,16.1057142857143,2.19614285714286,0
2024-07-09,"Tag_8",0.5,1447.13213456671,"yes",213.851904761905,17.2138095238095,1.68552380952381,0.414
2024-07-09,"Tag_8",0.95,8247.71080050173,"yes",213.851904761905,17.2138095238095,1.68552380952381,0.414
2024-07-10,"Tag_8",0.5,1507.04954549907,"yes",314.614285714286,15.1542857142857,3.72557142857143,2.277
2024-07-10,"Tag_8",0.95,6740.82141264594,"yes",314.614285714286,15.1542857142857,3.72557142857143,2.277
2024-07-11,"Tag_8",0.5,1559.93910352706,"yes",149.898571428571,14.6585714285714,2.1012380952381,1.242
2024-07-11,"Tag_8",0.95,8005.24232863806,"yes",149.898571428571,14.6585714285714,2.1012380952381,1.242
2024-07-12,"Tag_8",0.5,1160.42058436271,"yes",312.609523809524,15.3314285714286,1.37838095238095,0.207
2024-07-12,"Tag_8",0.95,5666.37710501635,"yes",312.609523809524,15.3314285714286,1.37838095238095,0.207
2024-07-13,"Tag_8",0.5,928.968738209484,"yes",303.095238095238,15.6433333333333,1.7477619047619,0
2024-07-13,"Tag_8",0.95,5564.7680083611,"yes",303.095238095238,15.6433333333333,1.7477619047619,0
2024-07-14,"Tag_8",0.5,1303.42715238356,"yes",327.161904761905,16.6880952380952,1.5487619047619,0
2024-07-14,"Tag_8",0.95,7137.09549191342,"yes",327.161904761905,16.6880952380952,1.5487619047619,0
2024-07-15,"Tag_8",0.5,1091.88701497059,"yes",282.169047619048,18.6895238095238,1.16766666666667,1.242
2024-07-15,"Tag_8",0.95,6735.52030065503,"yes",282.169047619048,18.6895238095238,1.16766666666667,1.242
2024-07-16,"Tag_8",0.5,1109.53496192781,"no",144.512380952381,15.9804761904762,1.36790476190476,0
2024-07-16,"Tag_8",0.95,6729.98233197275,"no",144.512380952381,15.9804761904762,1.36790476190476,0
2024-07-17,"Tag_8",0.5,957.66320064614,"yes",550.142857142857,20.4966666666667,2.87880952380952,0
2024-07-17,"Tag_8",0.95,5925.33221929155,"yes",550.142857142857,20.4966666666667,2.87880952380952,0
2024-07-18,"Tag_8",0.5,1107.79261214266,"no",444.166666666667,19.947619047619,2.43719047619048,0.414
2024-07-18,"Tag_8",0.95,6199.37889985695,"no",444.166666666667,19.947619047619,2.43719047619048,0.414
2024-07-19,"Tag_8",0.5,870.597567016767,"yes",576.204761904762,22.3947619047619,2.87790476190476,0
2024-07-19,"Tag_8",0.95,6283.40477616562,"yes",576.204761904762,22.3947619047619,2.87790476190476,0
2024-07-20,"Tag_8",0.5,815.154349540556,"no",168.888571428571,17.7128571428571,1.26328571428571,6.831
2024-07-20,"Tag_8",0.95,5195.76269582218,"no",168.888571428571,17.7128571428571,1.26328571428571,6.831
2024-07-21,"Tag_8",0.5,1332.97536694518,"no",432.633333333333,16.7695238095238,3.07495238095238,0
2024-07-21,"Tag_8",0.95,6411.55240210407,"no",432.633333333333,16.7695238095238,3.07495238095238,0
2024-06-25,"Tag_14",0.5,648.869516111142,"no",185.080952380952,16.26,1.69438095238095,0
2024-06-25,"Tag_14",0.95,3919.82338657349,"no",185.080952380952,16.26,1.69438095238095,0
2024-06-26,"Tag_14",0.5,528.409877738625,"no",590.738095238095,22.1071428571429,1.88861904761905,0
2024-06-26,"Tag_14",0.95,5088.89868994968,"no",590.738095238095,22.1071428571429,1.88861904761905,0
2024-06-27,"Tag_14",0.5,638.27129865099,"no",506.604761904762,16.9438095238095,5.45766666666667,0
2024-06-27,"Tag_14",0.95,3481.69828561966,"no",506.604761904762,16.9438095238095,5.45766666666667,0
2024-06-28,"Tag_14",0.5,999.058668879303,"no",287.435238095238,14.9890476190476,3.75638095238095,0
2024-06-28,"Tag_14",0.95,6829.86759325982,"no",287.435238095238,14.9890476190476,3.75638095238095,0
2024-06-29,"Tag_14",0.5,799.469668054491,"no",318.638095238095,16.1804761904762,2.41771428571429,1.035
2024-06-29,"Tag_14",0.95,5301.88058662561,"no",318.638095238095,16.1804761904762,2.41771428571429,1.035
2024-06-30,"Tag_14",0.5,597.139934636898,"no",221.761428571429,13.9838095238095,1.73919047619048,0
2024-06-30,"Tag_14",0.95,4004.34187990109,"no",221.761428571429,13.9838095238095,1.73919047619048,0
2024-07-01,"Tag_14",0.5,863.731066234346,"yes",197.702857142857,13.7909523809524,3.12380952380952,2.07
2024-07-01,"Tag_14",0.95,7008.16289542557,"yes",197.702857142857,13.7909523809524,3.12380952380952,2.07
2024-07-02,"Tag_14",0.5,1223.277312609,"yes",283.780952380952,14.8861904761905,1.97833333333333,0
2024-07-02,"Tag_14",0.95,7204.32786668507,"yes",283.780952380952,14.8861904761905,1.97833333333333,0
2024-07-03,"Tag_14",0.5,780.790418679476,"yes",392.104761904762,16.1552380952381,3.90352380952381,0
2024-07-03,"Tag_14",0.95,5828.21613965443,"yes",392.104761904762,16.1552380952381,3.90352380952381,0
2024-07-04,"Tag_14",0.5,994.158738037576,"yes",408.061904761905,14.8895238095238,5.30028571428571,0
2024-07-04,"Tag_14",0.95,7672.2253979839,"yes",408.061904761905,14.8895238095238,5.30028571428571,0
2024-07-05,"Tag_14",0.5,695.660331013244,"yes",474.633333333333,15.5338095238095,2.66485714285714,0
2024-07-05,"Tag_14",0.95,6517.04173935376,"yes",474.633333333333,15.5338095238095,2.66485714285714,0
2024-07-06,"Tag_14",0.5,549.770771007634,"yes",376.661428571429,13.3428571428571,2.57857142857143,10.35
2024-07-06,"Tag_14",0.95,5165.73462525797,"yes",376.661428571429,13.3428571428571,2.57857142857143,10.35
2024-07-07,"Tag_14",0.5,642.116064302673,"yes",396.461904761905,13.8652380952381,2.10438095238095,1.863
2024-07-07,"Tag_14",0.95,5537.40675688388,"yes",396.461904761905,13.8652380952381,2.10438095238095,1.863
2024-07-08,"Tag_14",0.5,1082.47092815794,"yes",520.228571428571,16.1057142857143,2.19614285714286,0
2024-07-08,"Tag_14",0.95,5398.1134844212,"yes",520.228571428571,16.1057142857143,2.19614285714286,0
2024-07-09,"Tag_14",0.5,1191.93292123703,"yes",213.851904761905,17.2138095238095,1.68552380952381,0.414
2024-07-09,"Tag_14",0.95,7095.85181917924,"yes",213.851904761905,17.2138095238095,1.68552380952381,0.414
2024-07-10,"Tag_14",0.5,965.474882020501,"yes",314.614285714286,15.1542857142857,3.72557142857143,2.277
2024-07-10,"Tag_14",0.95,4792.70535618852,"yes",314.614285714286,15.1542857142857,3.72557142857143,2.277
2024-07-11,"Tag_14",0.5,976.789550057828,"yes",149.898571428571,14.6585714285714,2.1012380952381,1.242
2024-07-11,"Tag_14",0.95,6260.015443798,"yes",149.898571428571,14.6585714285714,2.1012380952381,1.242
2024-07-12,"Tag_14",0.5,856.843101902896,"yes",312.609523809524,15.3314285714286,1.37838095238095,0.207
2024-07-12,"Tag_14",0.95,4935.24405405156,"yes",312.609523809524,15.3314285714286,1.37838095238095,0.207
2024-07-13,"Tag_14",0.5,1092.26587249651,"yes",303.095238095238,15.6433333333333,1.7477619047619,0
2024-07-13,"Tag_14",0.95,6888.54908047322,"yes",303.095238095238,15.6433333333333,1.7477619047619,0
2024-07-14,"Tag_14",0.5,1103.45092956875,"yes",327.161904761905,16.6880952380952,1.5487619047619,0
2024-07-14,"Tag_14",0.95,6231.34729705453,"yes",327.161904761905,16.6880952380952,1.5487619047619,0
2024-07-15,"Tag_14",0.5,1158.88256578457,"yes",282.169047619048,18.6895238095238,1.16766666666667,1.242
2024-07-15,"Tag_14",0.95,6949.86050017091,"yes",282.169047619048,18.6895238095238,1.16766666666667,1.242
2024-07-16,"Tag_14",0.5,546.850902008277,"no",144.512380952381,15.9804761904762,1.36790476190476,0
2024-07-16,"Tag_14",0.95,4490.13244074572,"no",144.512380952381,15.9804761904762,1.36790476190476,0
2024-07-17,"Tag_14",0.5,840.081361865559,"yes",550.142857142857,20.4966666666667,2.87880952380952,0
2024-07-17,"Tag_14",0.95,4657.63898528201,"yes",550.142857142857,20.4966666666667,2.87880952380952,0
2024-07-18,"Tag_14",0.5,724.730988445586,"no",444.166666666667,19.947619047619,2.43719047619048,0.414
2024-07-18,"Tag_14",0.95,4324.51681720783,"no",444.166666666667,19.947619047619,2.43719047619048,0.414
2024-07-19,"Tag_14",0.5,696.996051517931,"yes",576.204761904762,22.3947619047619,2.87790476190476,0
2024-07-19,"Tag_14",0.95,4147.41358948596,"yes",576.204761904762,22.3947619047619,2.87790476190476,0
2024-07-20,"Tag_14",0.5,450.98977161428,"no",168.888571428571,17.7128571428571,1.26328571428571,6.831
2024-07-20,"Tag_14",0.95,3855.73567192598,"no",168.888571428571,17.7128571428571,1.26328571428571,6.831
2024-07-21,"Tag_14",0.5,668.647553686335,"no",432.633333333333,16.7695238095238,3.07495238095238,0
2024-07-21,"Tag_14",0.95,2850.43454053638,"no",432.633333333333,16.7695238095238,3.07495238095238,0
