"date","TagID","travel_adj","period","sum_p","mean_r","mean_t","mean_w"
2024-07-01,"Tag_11",99.5693167077714,"after",0,235.533333333333,13.25,3.755
2024-07-01,"Tag_20",76.77721849802,"after",0,235.533333333333,13.25,3.755
2024-07-01,"Tag_13",238.810240380459,"after",0,235.533333333333,13.25,3.755
2024-07-01,"Tag_5",109.920695707372,"after",0,235.533333333333,13.25,3.755
2024-07-01,"Tag_3",113.941454458582,"after",0,235.533333333333,13.25,3.755
2024-07-01,"Tag_22",314.927374829475,"after",0,235.533333333333,13.25,3.755
2024-07-01,"Tag_19",121.869149798595,"after",0,235.533333333333,13.25,3.755
2024-07-01,"Tag_14",237.790882498085,"after",0,235.533333333333,13.25,3.755
2024-07-01,"Tag_21",161.733435837369,"after",0,235.533333333333,13.25,3.755
2024-07-01,"Tag_8",265.248802086618,"after",0,235.533333333333,13.25,3.755
2024-07-01,"Tag_5",80.5954789994851,"before",0.207,94.5266666666667,11.6633333333333,2.863
2024-07-01,"Tag_19",69.7775151803753,"before",0.207,94.5266666666667,11.6633333333333,2.863
2024-07-01,"Tag_22",86.8383171332152,"before",0.207,94.5266666666667,11.6633333333333,2.863
2024-07-01,"Tag_13",52.3669114634535,"before",0.207,94.5266666666667,11.6633333333333,2.863
2024-07-01,"Tag_14",219.696601015653,"before",0.207,94.5266666666667,11.6633333333333,2.863
2024-07-01,"Tag_21",0,"before",0.207,94.5266666666667,11.6633333333333,2.863
2024-07-01,"Tag_11",6.92242934633961,"before",0.207,94.5266666666667,11.6633333333333,2.863
2024-07-01,"Tag_20",121.614526696868,"before",0.207,94.5266666666667,11.6633333333333,2.863
2024-07-01,"Tag_8",196.829298960898,"before",0.207,94.5266666666667,11.6633333333333,2.863
2024-07-01,"Tag_3",0,"before",0.207,94.5266666666667,11.6633333333333,2.863
2024-07-02,"Tag_5",98.3586016507958,"after",0,182.566666666667,13.8,1.67233333333333
2024-07-02,"Tag_20",132.046260653039,"after",0,182.566666666667,13.8,1.67233333333333
2024-07-02,"Tag_22",198.242911356548,"after",0,182.566666666667,13.8,1.67233333333333
2024-07-02,"Tag_3",103.981601454406,"after",0,182.566666666667,13.8,1.67233333333333
2024-07-02,"Tag_21",90.7771830521984,"after",0,182.566666666667,13.8,1.67233333333333
2024-07-02,"Tag_13",112.340893841618,"after",0,182.566666666667,13.8,1.67233333333333
2024-07-02,"Tag_14",322.578789468767,"after",0,182.566666666667,13.8,1.67233333333333
2024-07-02,"Tag_19",104.558033177295,"after",0,182.566666666667,13.8,1.67233333333333
2024-07-02,"Tag_11",167.377639462783,"after",0,182.566666666667,13.8,1.67233333333333
2024-07-02,"Tag_8",170.908748443343,"after",0,182.566666666667,13.8,1.67233333333333
2024-07-02,"Tag_3",134.837448886174,"before",0,240.7,13.505,1.41
2024-07-02,"Tag_22",80.0781792840411,"before",0,240.7,13.505,1.41
2024-07-02,"Tag_19",114.474730524338,"before",0,240.7,13.505,1.41
2024-07-02,"Tag_21",189.295270790313,"before",0,240.7,13.505,1.41
2024-07-02,"Tag_20",146.918259676921,"before",0,240.7,13.505,1.41
2024-07-02,"Tag_14",166.936163989129,"before",0,240.7,13.505,1.41
2024-07-02,"Tag_8",149.65191227286,"before",0,240.7,13.505,1.41
2024-07-02,"Tag_5",131.356666426652,"before",0,240.7,13.505,1.41
2024-07-02,"Tag_11",177.03042114985,"before",0,240.7,13.505,1.41
2024-07-02,"Tag_13",134.802406765531,"before",0,240.7,13.505,1.41
2024-07-03,"Tag_5",254.181188869497,"after",0,535.066666666667,15.6933333333333,3.65633333333333
2024-07-03,"Tag_14",339.114401418694,"after",0,535.066666666667,15.6933333333333,3.65633333333333
2024-07-03,"Tag_13",193.498095173003,"after",0,535.066666666667,15.6933333333333,3.65633333333333
2024-07-03,"Tag_22",303.405873537142,"after",0,535.066666666667,15.6933333333333,3.65633333333333
2024-07-03,"Tag_21",258.663147178405,"after",0,535.066666666667,15.6933333333333,3.65633333333333
2024-07-03,"Tag_19",199.441148804036,"after",0,535.066666666667,15.6933333333333,3.65633333333333
2024-07-03,"Tag_8",248.982798454044,"after",0,535.066666666667,15.6933333333333,3.65633333333333
2024-07-03,"Tag_3",241.46289991751,"after",0,535.066666666667,15.6933333333333,3.65633333333333
2024-07-03,"Tag_20",243.714244428237,"after",0,535.066666666667,15.6933333333333,3.65633333333333
2024-07-03,"Tag_11",226.722821846594,"after",0,535.066666666667,15.6933333333333,3.65633333333333
2024-07-03,"Tag_19",40.8854161575484,"before",0,183.55,13.755,3.2295
2024-07-03,"Tag_22",112.653626943853,"before",0,183.55,13.755,3.2295
2024-07-03,"Tag_5",0,"before",0,183.55,13.755,3.2295
2024-07-03,"Tag_20",0,"before",0,183.55,13.755,3.2295
2024-07-03,"Tag_14",45.6651145884336,"before",0,183.55,13.755,3.2295
2024-07-03,"Tag_13",26.2519791876721,"before",0,183.55,13.755,3.2295
2024-07-03,"Tag_3",33.3537679135745,"before",0,183.55,13.755,3.2295
2024-07-03,"Tag_21",54.9686882667508,"before",0,183.55,13.755,3.2295
2024-07-03,"Tag_8",2.28775071890549,"before",0,183.55,13.755,3.2295
2024-07-03,"Tag_11",33.5388385428302,"before",0,183.55,13.755,3.2295
2024-07-04,"Tag_13",180.458653736517,"after",0,367.733333333333,13.67,5.27066666666667
2024-07-04,"Tag_20",156.87561464819,"after",0,367.733333333333,13.67,5.27066666666667
2024-07-04,"Tag_22",145.274966337559,"after",0,367.733333333333,13.67,5.27066666666667
2024-07-04,"Tag_11",113.225335198688,"after",0,367.733333333333,13.67,5.27066666666667
2024-07-04,"Tag_8",165.335665882893,"after",0,367.733333333333,13.67,5.27066666666667
2024-07-04,"Tag_21",59.0308482798071,"after",0,367.733333333333,13.67,5.27066666666667
2024-07-04,"Tag_19",207.447029727998,"after",0,367.733333333333,13.67,5.27066666666667
2024-07-04,"Tag_5",81.4549244547801,"after",0,367.733333333333,13.67,5.27066666666667
2024-07-04,"Tag_14",176.724558403275,"after",0,367.733333333333,13.67,5.27066666666667
2024-07-04,"Tag_3",196.109102785896,"after",0,367.733333333333,13.67,5.27066666666667
2024-07-04,"Tag_5",133.89226294953,"before",0,221.55,12.68,4.2585
2024-07-04,"Tag_8",192.550543588419,"before",0,221.55,12.68,4.2585
2024-07-04,"Tag_3",163.97238038331,"before",0,221.55,12.68,4.2585
2024-07-04,"Tag_19",161.800772798683,"before",0,221.55,12.68,4.2585
2024-07-04,"Tag_22",229.276829604286,"before",0,221.55,12.68,4.2585
2024-07-04,"Tag_14",395.877906664903,"before",0,221.55,12.68,4.2585
2024-07-04,"Tag_11",214.274839680229,"before",0,221.55,12.68,4.2585
2024-07-04,"Tag_13",105.767254185585,"before",0,221.55,12.68,4.2585
2024-07-04,"Tag_21",153.57681723379,"before",0,221.55,12.68,4.2585
2024-07-04,"Tag_20",201.454752601822,"before",0,221.55,12.68,4.2585
2024-07-05,"Tag_5",0,"after",0,521.5,15.2566666666667,2.432
2024-07-05,"Tag_3",102.8971027842,"after",0,521.5,15.2566666666667,2.432
2024-07-05,"Tag_14",82.2722889793304,"after",0,521.5,15.2566666666667,2.432
2024-07-05,"Tag_11",115.262044969018,"after",0,521.5,15.2566666666667,2.432
2024-07-05,"Tag_8",27.9663445924643,"after",0,521.5,15.2566666666667,2.432
2024-07-05,"Tag_13",45.1414214126269,"after",0,521.5,15.2566666666667,2.432
2024-07-05,"Tag_21",26.8669572149183,"after",0,521.5,15.2566666666667,2.432
2024-07-05,"Tag_19",144.255840858422,"after",0,521.5,15.2566666666667,2.432
2024-07-05,"Tag_20",167.361617225412,"after",0,521.5,15.2566666666667,2.432
2024-07-05,"Tag_14",14.5967646952888,"before",0,283.1,13.6766666666667,2.23133333333333
2024-07-05,"Tag_13",119.56570690388,"before",0,283.1,13.6766666666667,2.23133333333333
2024-07-05,"Tag_21",75.4943760839712,"before",0,283.1,13.6766666666667,2.23133333333333
2024-07-05,"Tag_11",132.225694544179,"before",0,283.1,13.6766666666667,2.23133333333333
2024-07-05,"Tag_20",14.9470675994882,"before",0,283.1,13.6766666666667,2.23133333333333
2024-07-05,"Tag_8",91.8354707528603,"before",0,283.1,13.6766666666667,2.23133333333333
2024-07-05,"Tag_5",3.36981412292955,"before",0,283.1,13.6766666666667,2.23133333333333
2024-07-05,"Tag_19",91.7883282459215,"before",0,283.1,13.6766666666667,2.23133333333333
2024-07-05,"Tag_3",21.5210651789337,"before",0,283.1,13.6766666666667,2.23133333333333
2024-07-06,"Tag_14",94.8654918568118,"after",0,567.7,15.4366666666667,3.78466666666667
2024-07-06,"Tag_21",37.3982642172536,"after",0,567.7,15.4366666666667,3.78466666666667
2024-07-06,"Tag_11",140.575230950169,"after",0,567.7,15.4366666666667,3.78466666666667
2024-07-06,"Tag_5",0,"after",0,567.7,15.4366666666667,3.78466666666667
2024-07-06,"Tag_20",153.710255758259,"after",0,567.7,15.4366666666667,3.78466666666667
2024-07-06,"Tag_13",195.472997031013,"after",0,567.7,15.4366666666667,3.78466666666667
2024-07-06,"Tag_19",214.969115674987,"after",0,567.7,15.4366666666667,3.78466666666667
2024-07-06,"Tag_8",182.49646500537,"after",0,567.7,15.4366666666667,3.78466666666667
2024-07-06,"Tag_3",18.5779591295011,"after",0,567.7,15.4366666666667,3.78466666666667
2024-07-06,"Tag_20",60.3910895336207,"before",0,517.666666666667,14.2266666666667,3.145
2024-07-06,"Tag_14",53.6155337614279,"before",0,517.666666666667,14.2266666666667,3.145
2024-07-06,"Tag_19",177.618654433356,"before",0,517.666666666667,14.2266666666667,3.145
2024-07-06,"Tag_13",176.197493793174,"before",0,517.666666666667,14.2266666666667,3.145
2024-07-06,"Tag_5",35.2297465898647,"before",0,517.666666666667,14.2266666666667,3.145
2024-07-06,"Tag_11",156.430735505905,"before",0,517.666666666667,14.2266666666667,3.145
2024-07-06,"Tag_21",15.1303180619884,"before",0,517.666666666667,14.2266666666667,3.145
2024-07-06,"Tag_3",17.7935011502939,"before",0,517.666666666667,14.2266666666667,3.145
2024-07-06,"Tag_8",37.6992783440315,"before",0,517.666666666667,14.2266666666667,3.145
2024-07-07,"Tag_20",144.47984078397,"before",0.207,502.433333333333,14.94,2.562
2024-07-07,"Tag_3",63.5700856355237,"before",0.207,502.433333333333,14.94,2.562
2024-07-07,"Tag_11",104.976315940694,"before",0.207,502.433333333333,14.94,2.562
2024-07-07,"Tag_14",57.1857644115601,"before",0.207,502.433333333333,14.94,2.562
2024-07-07,"Tag_21",54.6819217008982,"before",0.207,502.433333333333,14.94,2.562
2024-07-07,"Tag_5",78.8756966263801,"before",0.207,502.433333333333,14.94,2.562
2024-07-07,"Tag_13",210.571288664635,"before",0.207,502.433333333333,14.94,2.562
2024-07-07,"Tag_19",114.863188023489,"before",0.207,502.433333333333,14.94,2.562
2024-07-07,"Tag_8",139.60279188441,"before",0.207,502.433333333333,14.94,2.562
2024-07-08,"Tag_5",4.0465381714217,"after",0,645.4,16.11,2.20166666666667
2024-07-08,"Tag_11",44.5334751138631,"after",0,645.4,16.11,2.20166666666667
2024-07-08,"Tag_21",27.7398170407625,"after",0,645.4,16.11,2.20166666666667
2024-07-08,"Tag_20",5.26725157191435,"after",0,645.4,16.11,2.20166666666667
2024-07-08,"Tag_13",99.9630760543005,"after",0,645.4,16.11,2.20166666666667
2024-07-08,"Tag_14",178.712179508265,"after",0,645.4,16.11,2.20166666666667
2024-07-08,"Tag_8",32.8758061031471,"after",0,645.4,16.11,2.20166666666667
2024-07-08,"Tag_19",40.2650929981576,"after",0,645.4,16.11,2.20166666666667
2024-07-08,"Tag_3",14.03928534487,"after",0,645.4,16.11,2.20166666666667
2024-07-08,"Tag_21",31.7981227415575,"before",0,372.866666666667,15.2766666666667,0.837
2024-07-08,"Tag_19",10.4681636098007,"before",0,372.866666666667,15.2766666666667,0.837
2024-07-08,"Tag_20",30.1346562811335,"before",0,372.866666666667,15.2766666666667,0.837
2024-07-08,"Tag_13",90.0020791608693,"before",0,372.866666666667,15.2766666666667,0.837
2024-07-08,"Tag_3",42.70010813534,"before",0,372.866666666667,15.2766666666667,0.837
2024-07-08,"Tag_14",40.6398982492932,"before",0,372.866666666667,15.2766666666667,0.837
2024-07-08,"Tag_5",43.9513605326432,"before",0,372.866666666667,15.2766666666667,0.837
2024-07-08,"Tag_11",57.555362090331,"before",0,372.866666666667,15.2766666666667,0.837
2024-07-08,"Tag_8",131.530910206921,"before",0,372.866666666667,15.2766666666667,0.837
2024-07-09,"Tag_5",69.6885619540973,"after",0.414,184.1,16.6533333333333,1.69833333333333
2024-07-09,"Tag_13",164.50655306927,"after",0.414,184.1,16.6533333333333,1.69833333333333
2024-07-09,"Tag_19",186.622668090372,"after",0.414,184.1,16.6533333333333,1.69833333333333
2024-07-09,"Tag_11",136.547607028033,"after",0.414,184.1,16.6533333333333,1.69833333333333
2024-07-09,"Tag_20",164.99514321836,"after",0.414,184.1,16.6533333333333,1.69833333333333
2024-07-09,"Tag_3",162.778496884155,"after",0.414,184.1,16.6533333333333,1.69833333333333
2024-07-09,"Tag_14",307.611589687874,"after",0.414,184.1,16.6533333333333,1.69833333333333
2024-07-09,"Tag_8",168.297012033347,"after",0.414,184.1,16.6533333333333,1.69833333333333
2024-07-09,"Tag_21",98.6867720900566,"after",0.414,184.1,16.6533333333333,1.69833333333333
2024-07-09,"Tag_20",166.817469286947,"before",0,162.066666666667,15.2766666666667,2.15633333333333
2024-07-09,"Tag_21",113.251819366158,"before",0,162.066666666667,15.2766666666667,2.15633333333333
2024-07-09,"Tag_5",86.0630384800041,"before",0,162.066666666667,15.2766666666667,2.15633333333333
2024-07-09,"Tag_8",116.880969088796,"before",0,162.066666666667,15.2766666666667,2.15633333333333
2024-07-09,"Tag_3",117.80551823743,"before",0,162.066666666667,15.2766666666667,2.15633333333333
2024-07-09,"Tag_19",85.5636845563828,"before",0,162.066666666667,15.2766666666667,2.15633333333333
2024-07-09,"Tag_13",158.790743984283,"before",0,162.066666666667,15.2766666666667,2.15633333333333
2024-07-09,"Tag_11",123.134213503436,"before",0,162.066666666667,15.2766666666667,2.15633333333333
2024-07-09,"Tag_14",109.173827058567,"before",0,162.066666666667,15.2766666666667,2.15633333333333
2024-07-10,"Tag_21",155.131641495228,"after",0,538.4,15.5366666666667,4.27033333333333
2024-07-10,"Tag_11",106.88947821232,"after",0,538.4,15.5366666666667,4.27033333333333
2024-07-10,"Tag_3",108.05216544797,"after",0,538.4,15.5366666666667,4.27033333333333
2024-07-10,"Tag_20",175.232777782194,"after",0,538.4,15.5366666666667,4.27033333333333
2024-07-10,"Tag_8",126.920556132201,"after",0,538.4,15.5366666666667,4.27033333333333
2024-07-10,"Tag_5",85.5317116087693,"after",0,538.4,15.5366666666667,4.27033333333333
2024-07-10,"Tag_13",171.570792263938,"after",0,538.4,15.5366666666667,4.27033333333333
2024-07-10,"Tag_19",90.0343479312001,"after",0,538.4,15.5366666666667,4.27033333333333
2024-07-10,"Tag_14",279.019617396777,"after",0,538.4,15.5366666666667,4.27033333333333
2024-07-10,"Tag_5",1.82995171537101,"before",0,169.966666666667,14.58,3.748
2024-07-10,"Tag_13",78.8745082119803,"before",0,169.966666666667,14.58,3.748
2024-07-10,"Tag_11",30.8478098368225,"before",0,169.966666666667,14.58,3.748
2024-07-10,"Tag_14",71.5458659901161,"before",0,169.966666666667,14.58,3.748
2024-07-10,"Tag_21",9.16113902578018,"before",0,169.966666666667,14.58,3.748
2024-07-10,"Tag_3",41.0619523046369,"before",0,169.966666666667,14.58,3.748
2024-07-10,"Tag_19",17.3853195363404,"before",0,169.966666666667,14.58,3.748
2024-07-10,"Tag_8",53.7989758092014,"before",0,169.966666666667,14.58,3.748
2024-07-10,"Tag_20",42.510142486456,"before",0,169.966666666667,14.58,3.748
2024-07-11,"Tag_19",91.6433181909291,"after",0,183.933333333333,15.0133333333333,1.59133333333333
2024-07-11,"Tag_13",131.776424799295,"after",0,183.933333333333,15.0133333333333,1.59133333333333
2024-07-11,"Tag_5",47.1513145330514,"after",0,183.933333333333,15.0133333333333,1.59133333333333
2024-07-11,"Tag_20",73.4970907501795,"after",0,183.933333333333,15.0133333333333,1.59133333333333
2024-07-11,"Tag_3",128.088924913697,"after",0,183.933333333333,15.0133333333333,1.59133333333333
2024-07-11,"Tag_8",138.03007829299,"after",0,183.933333333333,15.0133333333333,1.59133333333333
2024-07-11,"Tag_14",77.9791577930833,"after",0,183.933333333333,15.0133333333333,1.59133333333333
2024-07-11,"Tag_3",107.504183423926,"before",0.207,170.9,14.5033333333333,1.54233333333333
2024-07-11,"Tag_5",105.785529630293,"before",0.207,170.9,14.5033333333333,1.54233333333333
2024-07-11,"Tag_14",141.030204027215,"before",0.207,170.9,14.5033333333333,1.54233333333333
2024-07-11,"Tag_13",125.285126164723,"before",0.207,170.9,14.5033333333333,1.54233333333333
2024-07-11,"Tag_20",162.317006815327,"before",0.207,170.9,14.5033333333333,1.54233333333333
2024-07-11,"Tag_19",84.0800054781667,"before",0.207,170.9,14.5033333333333,1.54233333333333
2024-07-11,"Tag_8",143.566380391934,"before",0.207,170.9,14.5033333333333,1.54233333333333
2024-07-12,"Tag_13",122.88392524438,"after",0.207,124.866666666667,14.6266666666667,1.115
2024-07-12,"Tag_3",28.6017396569374,"after",0.207,124.866666666667,14.6266666666667,1.115
2024-07-12,"Tag_14",187.730955358407,"after",0.207,124.866666666667,14.6266666666667,1.115
2024-07-12,"Tag_20",29.7041536778773,"after",0.207,124.866666666667,14.6266666666667,1.115
2024-07-12,"Tag_19",67.1694100553415,"after",0.207,124.866666666667,14.6266666666667,1.115
2024-07-12,"Tag_5",49.3660946411547,"after",0.207,124.866666666667,14.6266666666667,1.115
2024-07-12,"Tag_8",184.103893305827,"after",0.207,124.866666666667,14.6266666666667,1.115
2024-07-12,"Tag_3",29.9006115633133,"before",0,180.066666666667,14.35,0.780666666666667
2024-07-12,"Tag_20",23.9490703622524,"before",0,180.066666666667,14.35,0.780666666666667
2024-07-12,"Tag_19",142.868918115475,"before",0,180.066666666667,14.35,0.780666666666667
2024-07-12,"Tag_5",36.4435415322755,"before",0,180.066666666667,14.35,0.780666666666667
2024-07-12,"Tag_8",0,"before",0,180.066666666667,14.35,0.780666666666667
2024-07-12,"Tag_13",46.7104947697425,"before",0,180.066666666667,14.35,0.780666666666667
2024-07-12,"Tag_14",85.8609658041321,"before",0,180.066666666667,14.35,0.780666666666667
2024-07-13,"Tag_19",27.1258078684838,"after",0,539.333333333333,17.21,1.617
2024-07-13,"Tag_13",161.483425660602,"after",0,539.333333333333,17.21,1.617
2024-07-13,"Tag_3",73.5735462476384,"after",0,539.333333333333,17.21,1.617
2024-07-13,"Tag_20",49.6225384676148,"after",0,539.333333333333,17.21,1.617
2024-07-13,"Tag_8",57.4710852398087,"after",0,539.333333333333,17.21,1.617
2024-07-13,"Tag_14",112.459938754606,"after",0,539.333333333333,17.21,1.617
2024-07-13,"Tag_20",18.8154730308501,"before",0,314.666666666667,14.4966666666667,2.02033333333333
2024-07-13,"Tag_13",10.0002497185762,"before",0,314.666666666667,14.4966666666667,2.02033333333333
2024-07-13,"Tag_3",54.3551128975135,"before",0,314.666666666667,14.4966666666667,2.02033333333333
2024-07-13,"Tag_8",24.0479137725791,"before",0,314.666666666667,14.4966666666667,2.02033333333333
2024-07-13,"Tag_19",32.7617303247622,"before",0,314.666666666667,14.4966666666667,2.02033333333333
2024-07-13,"Tag_14",37.0570482591296,"before",0,314.666666666667,14.4966666666667,2.02033333333333
2024-07-14,"Tag_8",57.9125916569451,"after",0,426.233333333333,17.1866666666667,1.60066666666667
2024-07-14,"Tag_3",8.02368609849168,"after",0,426.233333333333,17.1866666666667,1.60066666666667
2024-07-14,"Tag_20",31.9450129101,"after",0,426.233333333333,17.1866666666667,1.60066666666667
2024-07-14,"Tag_19",58.3160737111601,"after",0,426.233333333333,17.1866666666667,1.60066666666667
2024-07-14,"Tag_14",284.579634352922,"after",0,426.233333333333,17.1866666666667,1.60066666666667
2024-07-14,"Tag_13",157.728695516091,"after",0,426.233333333333,17.1866666666667,1.60066666666667
2024-07-14,"Tag_19",101.782515952188,"before",0,263.166666666667,16.2,1.53266666666667
2024-07-14,"Tag_14",34.3062311165562,"before",0,263.166666666667,16.2,1.53266666666667
2024-07-14,"Tag_20",3.24095133156572,"before",0,263.166666666667,16.2,1.53266666666667
2024-07-14,"Tag_8",4.77401622087547,"before",0,263.166666666667,16.2,1.53266666666667
2024-07-14,"Tag_13",3.31349091023116,"before",0,263.166666666667,16.2,1.53266666666667
2024-07-14,"Tag_3",52.3933878900744,"before",0,263.166666666667,16.2,1.53266666666667
2024-07-15,"Tag_20",125.714933360766,"after",0,370.7,19.4,1.28466666666667
2024-07-15,"Tag_19",127.516284182126,"after",0,370.7,19.4,1.28466666666667
2024-07-15,"Tag_13",132.229564186224,"after",0,370.7,19.4,1.28466666666667
2024-07-15,"Tag_3",114.001092093962,"after",0,370.7,19.4,1.28466666666667
2024-07-15,"Tag_8",211.079977406507,"after",0,370.7,19.4,1.28466666666667
2024-07-15,"Tag_14",92.2088583466605,"after",0,370.7,19.4,1.28466666666667
2024-07-15,"Tag_20",56.934001678345,"before",0,312.633333333333,17.1166666666667,1.02266666666667
2024-07-15,"Tag_14",247.183343464784,"before",0,312.633333333333,17.1166666666667,1.02266666666667
2024-07-15,"Tag_8",90.1553866404316,"before",0,312.633333333333,17.1166666666667,1.02266666666667
2024-07-15,"Tag_3",0,"before",0,312.633333333333,17.1166666666667,1.02266666666667
2024-07-15,"Tag_13",29.9782245480485,"before",0,312.633333333333,17.1166666666667,1.02266666666667
2024-07-15,"Tag_19",43.2999828994819,"before",0,312.633333333333,17.1166666666667,1.02266666666667
2024-07-17,"Tag_3",141.821029405085,"after",0,817.8,21.5633333333333,4.04466666666667
2024-07-17,"Tag_14",83.3451588794978,"after",0,817.8,21.5633333333333,4.04466666666667
2024-07-17,"Tag_19",66.1871848707844,"after",0,817.8,21.5633333333333,4.04466666666667
2024-07-17,"Tag_20",127.692981999223,"after",0,817.8,21.5633333333333,4.04466666666667
2024-07-17,"Tag_13",94.3884617911344,"after",0,817.8,21.5633333333333,4.04466666666667
2024-07-17,"Tag_8",75.0209141060417,"after",0,817.8,21.5633333333333,4.04466666666667
2024-07-17,"Tag_3",24.3241648122438,"before",0,531.733333333333,20.1766666666667,3.02433333333333
2024-07-17,"Tag_20",47.9798771438351,"before",0,531.733333333333,20.1766666666667,3.02433333333333
2024-07-17,"Tag_19",36.0883819955457,"before",0,531.733333333333,20.1766666666667,3.02433333333333
2024-07-17,"Tag_14",21.374412844553,"before",0,531.733333333333,20.1766666666667,3.02433333333333
2024-07-17,"Tag_8",4.45022088253212,"before",0,531.733333333333,20.1766666666667,3.02433333333333
2024-07-17,"Tag_13",36.3611256089719,"before",0,531.733333333333,20.1766666666667,3.02433333333333
2024-07-19,"Tag_19",91.3918313858472,"after",0,284.133333333333,20.7333333333333,1.89533333333333
2024-07-19,"Tag_20",22.1376952652845,"after",0,284.133333333333,20.7333333333333,1.89533333333333
2024-07-19,"Tag_8",92.3939366587774,"after",0,284.133333333333,20.7333333333333,1.89533333333333
2024-07-19,"Tag_13",8.34887794777242,"after",0,284.133333333333,20.7333333333333,1.89533333333333
2024-07-19,"Tag_3",4.33599670220828,"after",0,284.133333333333,20.7333333333333,1.89533333333333
2024-07-19,"Tag_14",50.7948017223371,"after",0,284.133333333333,20.7333333333333,1.89533333333333
2024-07-19,"Tag_19",14.5808048629779,"before",0,341.6,19.99,2.46033333333333
2024-07-19,"Tag_13",78.7293439666738,"before",0,341.6,19.99,2.46033333333333
2024-07-19,"Tag_20",5.41454829583472,"before",0,341.6,19.99,2.46033333333333
2024-07-19,"Tag_3",64.6118216802684,"before",0,341.6,19.99,2.46033333333333
2024-07-19,"Tag_14",53.0980905102567,"before",0,341.6,19.99,2.46033333333333
2024-07-19,"Tag_8",112.393496612455,"before",0,341.6,19.99,2.46033333333333
2024-07-22,"Tag_20",115.117651132266,"before",0,81.8,15.92,2.226
2024-07-22,"Tag_3",188.740690148001,"before",0,81.8,15.92,2.226
2024-07-22,"Tag_13",109.484300873945,"before",0,81.8,15.92,2.226
2024-07-22,"Tag_19",12.0454917479204,"before",0,81.8,15.92,2.226
2024-07-22,"Tag_14",30.7672089858997,"before",0,81.8,15.92,2.226
2024-07-22,"Tag_8",130.618105717285,"before",0,81.8,15.92,2.226
