"date","time","sample","context","cortisol","TagID"
"2024-06-20","13:20",17,"HABITUATION",12.88,"Tag_11"
"2024-06-25","12:00",34,"BASELINE",13.61,"Tag_11"
"2024-06-27","15:20",67,"BASELINE",11.16,"Tag_11"
"2024-07-02","09:15",84,"DRONE",11.59,"Tag_11"
"2024-07-03","12:45",98,"DRONE",11.11,"Tag_11"
"2024-06-18","15:25",5,"HABITUATION",14.07,"Tag_19"
"2024-06-20","10:40",12,"HABITUATION",10.7,"Tag_19"
"2024-06-26","09:40",43,"BASELINE",13.7,"Tag_19"
"2024-06-27","16:02",70,"BASELINE",12.43,"Tag_19"
"2024-07-02","11:35",85,"DRONE",11.77,"Tag_19"
"2024-07-03","15:00",106,"DRONE",13.04,"Tag_19"
"2024-06-18","15:06",4,"HABITUATION",11.06,"Tag_21"
"2024-06-20","10:58",14,"HABITUATION",12.93,"Tag_21"
"2024-06-26","15:05",49,"BASELINE",15.13,"Tag_21"
"2024-06-27","11:05",58,"BASELINE",9.19,"Tag_21"
"2024-07-02","11:40",87,"DRONE",9.58,"Tag_21"
"2024-07-03","15:10",107,"DRONE",11.04,"Tag_21"
"2024-06-20","14:50",21,"HABITUATION",19.75,"Tag_1"
"2024-06-26","16:00",50,"BASELINE",13.54,"Tag_1"
"2024-06-27","10:45",56,"BASELINE",12.99,"Tag_1"
"2024-07-01","14:52",77,"DRONE",11.27,"Tag_1"
"2024-07-03","10:51",94,"DRONE",10.59,"Tag_1"
"2024-06-19","10:35",7,"HABITUATION",14.27,"Tag_12"
"2024-06-25","11:25",31,"BASELINE",7.38,"Tag_12"
"2024-06-28","09:30",71,"BASELINE",9.61,"Tag_12"
"2024-07-01","15:07",79,"DRONE",10.62,"Tag_12"
"2024-07-03","15:20",109,"DRONE",12.7,"Tag_12"
"2024-06-19","13:50",11,"HABITUATION",11.65,"Tag_17"
"2024-06-26","14:45",48,"BASELINE",8.56,"Tag_17"
"2024-06-27","15:05",66,"BASELINE",13.58,"Tag_17"
"2024-07-02","08:25",82,"DRONE",10.24,"Tag_17"
"2024-07-03","15:55",110,"DRONE",10.97,"Tag_17"
"2024-06-20","15:30",23,"HABITUATION",14.17,"Tag_8"
"2024-06-25","15:50",39,"BASELINE",13.7,"Tag_8"
"2024-06-27","10:22",55,"BASELINE",14.13,"Tag_8"
"2024-07-02","13:25",91,"DRONE",12.76,"Tag_8"
"2024-07-03","13:35",99,"DRONE",10.84,"Tag_8"
"2024-06-18","12:53",2,"HABITUATION",14.57,"Tag_22"
"2024-06-20","11:15",15,"HABITUATION",11.14,"Tag_22"
"2024-06-26","09:50",44,"BASELINE",9.96,"Tag_22"
"2024-06-26","11:50",46,"BASELINE",13.24,"Tag_22"
"2024-06-27","11:40",61,"BASELINE",12.73,"Tag_22"
"2024-07-02","11:40",86,"DRONE",14.43,"Tag_22"
"2024-07-03","11:45",97,"DRONE",11.91,"Tag_22"
"2024-06-18","16:15",6,"HABITUATION",19.03,"Tag_7"
"2024-06-25","16:15",40,"BASELINE",13.02,"Tag_7"
"2024-06-27","15:45",69,"BASELINE",12.45,"Tag_7"
"2024-07-02","12:25",88,"DRONE",13.02,"Tag_7"
"2024-07-03","13:53",100,"DRONE",10.95,"Tag_7"
"2024-06-18","14:45",3,"HABITUATION",11.5,"Tag_5"
"2024-06-25","14:10",38,"BASELINE",11.92,"Tag_5"
"2024-06-27","13:45",63,"BASELINE",13.17,"Tag_5"
"2024-07-01","14:50",76,"DRONE",13.65,"Tag_5"
"2024-07-03","11:20",95,"DRONE",9.02,"Tag_5"
"2024-06-19","12:10",10,"HABITUATION",19.04,"Tag_2"
"2024-06-20","13:25",18,"HABITUATION",12.42,"Tag_2"
"2024-06-25","16:40",42,"BASELINE",16.42,"Tag_2"
"2024-06-27","10:55",57,"BASELINE",14.64,"Tag_2"
"2024-07-01","14:10",75,"DRONE",14.49,"Tag_2"
"2024-07-04","13:14",113,"DRONE",12.79,"Tag_2"
"2024-06-18","11:39",1,"HABITUATION",8.2,"Tag_20"
"2024-06-19","11:15",9,"HABITUATION",9.36,"Tag_20"
"2024-06-20","11:25",16,"HABITUATION",8.03,"Tag_20"
"2024-06-25","16:32",41,"BASELINE",7.56,"Tag_20"
"2024-06-27","11:55",62,"BASELINE",7.24,"Tag_20"
"2024-07-01","15:15",80,"DRONE",7.2,"Tag_20"
"2024-07-03","16:15",111,"DRONE",8.33,"Tag_20"
"2024-06-20","14:30",20,"HABITUATION",13.11,"Tag_3"
"2024-06-21","12:20",29,"HABITUATION",14.67,"Tag_3"
"2024-06-26","14:40",47,"BASELINE",12.71,"Tag_3"
"2024-06-27","11:15",60,"BASELINE",11.6,"Tag_3"
"2024-06-27","14:55",65,"BASELINE",8.56,"Tag_3"
"2024-07-02","12:27",89,"DRONE",13.11,"Tag_3"
"2024-07-02","14:05",93,"DRONE",14.64,"Tag_3"
"2024-07-03","15:13",108,"DRONE",11.32,"Tag_3"
"2024-06-19","11:15",8,"HABITUATION",8.93,"Tag_13"
"2024-06-25","14:02",37,"BASELINE",8.94,"Tag_13"
"2024-06-27","10:05",53,"BASELINE",7.59,"Tag_13"
"2024-07-01","11:45",73,"DRONE",10.48,"Tag_13"
"2024-07-03","14:25",103,"DRONE",8.09,"Tag_13"
"2024-06-20","10:55",13,"HABITUATION",11.23,"Tag_10"
"2024-06-25","12:01",35,"BASELINE",9.66,"Tag_10"
"2024-06-27","09:30",51,"BASELINE",9.24,"Tag_10"
"2024-07-02","13:18",90,"DRONE",11.6,"Tag_10"
"2024-07-04","12:00",112,"DRONE",12.76,"Tag_10"
"2024-06-21","10:50",27,"HABITUATION",14.43,"Tag_18"
"2024-06-21","11:25",28,"HABITUATION",13.22,"Tag_18"
"2024-06-25","11:40",32,"BASELINE",12.86,"Tag_18"
"2024-06-27","13:50",64,"BASELINE",12.39,"Tag_18"
"2024-07-01","12:15",74,"DRONE",12.61,"Tag_18"
"2024-07-03","14:45",105,"DRONE",16.81,"Tag_18"
"2024-06-20","16:20",24,"HABITUATION",8.88,"Tag_14"
"2024-06-25","09:35",30,"BASELINE",8.89,"Tag_14"
"2024-06-28","11:20",72,"BASELINE",7.19,"Tag_14"
"2024-07-02","13:30",92,"DRONE",9.1,"Tag_14"
"2024-07-03","14:00",101,"DRONE",9.6,"Tag_14"
"2024-06-20","13:55",19,"HABITUATION",9.86,"Tag_9"
"2024-06-25","11:40",33,"BASELINE",9,"Tag_9"
"2024-06-27","11:07",59,"BASELINE",9.46,"Tag_9"
"2024-07-01","15:50",81,"DRONE",8.45,"Tag_9"
"2024-07-03","14:23",102,"DRONE",10.08,"Tag_9"
"2024-06-20","15:15",22,"HABITUATION",9.33,"Tag_15"
"2024-06-21","10:50",26,"HABITUATION",8.97,"Tag_15"
"2024-06-26","11:05",45,"BASELINE",9.11,"Tag_15"
"2024-06-27","15:35",68,"BASELINE",9.43,"Tag_15"
"2024-07-01","15:00",78,"DRONE",9.73,"Tag_15"
"2024-07-03","14:30",104,"DRONE",6.06,"Tag_15"
"2024-06-21","09:20",25,"HABITUATION",6.62,"Tag_16"
"2024-06-25","12:10",36,"BASELINE",10.89,"Tag_16"
"2024-06-27","10:20",54,"BASELINE",8.6,"Tag_16"
"2024-07-02","09:13",83,"DRONE",12.5,"Tag_16"
"2024-07-03","11:26",96,"DRONE",9.51,"Tag_16"
